userid,coffeeid,Stars,created_date,body,sour,sweet,bitter,caf,blend,single,지속가능성_0,지속가능성_공정무역,지속가능성_유기농,지속가능성_직접무역,로스팅 포인트_다크,로스팅 포인트_라이트,로스팅 포인트_라이트미디엄,로스팅 포인트_미디엄,로스팅 포인트_미디엄다크,꽃,과일,허브,달콤함,고소함,향료,초콜릿,Caffeine,CoffeeType,CupNoteCategories,Body,Sourness,Sweetness,Bitterness
0,60,4,2023-11-15 12:45:57.508133,3,3,4,2,1,1,0,0,0,0,1,1,0,0,0,0,0,0,0,1,0,0,1,0,1,"['초콜릿', '고소함']",4,1,4,2
0,149,5,2023-11-15 12:45:57.511119,3,1,3,4,1,1,0,1,0,0,0,0,0,0,0,1,0,0,0,1,1,0,0,0,1,"['초콜릿', '고소함']",4,1,4,2
0,177,1,2023-11-15 12:45:57.513877,2,3,4,2,1,1,0,1,0,0,0,0,0,1,0,0,1,1,0,0,0,0,0,0,1,"['초콜릿', '고소함']",4,1,4,2
0,205,4,2023-11-15 12:45:57.515229,5,2,4,3,1,1,0,1,0,0,0,0,0,0,0,1,0,0,0,0,0,0,0,0,1,"['초콜릿', '고소함']",4,1,4,2
0,215,5,2023-11-15 12:45:57.518882,4,1,5,2,1,1,0,0,1,0,0,1,0,0,0,0,0,0,0,0,0,0,0,0,1,"['초콜릿', '고소함']",4,1,4,2
0,295,5,2023-11-15 12:45:57.523182,4,2,4,2,1,1,0,1,0,0,0,0,0,0,0,1,0,0,0,0,1,0,0,0,1,"['초콜릿', '고소함']",4,1,4,2
0,299,5,2023-11-15 12:45:57.525902,3,1,4,2,0,1,0,1,0,0,0,0,0,0,0,1,0,0,0,0,0,0,0,0,1,"['초콜릿', '고소함']",4,1,4,2
0,366,4,2023-11-15 12:45:57.528423,4,2,4,4,1,1,0,0,0,1,0,1,0,0,0,0,0,0,0,0,0,0,0,0,1,"['초콜릿', '고소함']",4,1,4,2
0,382,1,2023-11-15 12:45:57.530055,3,4,4,2,1,0,1,1,0,0,0,0,0,1,0,0,0,0,0,0,0,0,0,0,1,"['초콜릿', '고소함']",4,1,4,2
0,484,4,2023-11-15 12:45:57.532767,3,2,3,2,0,0,1,0,1,0,0,0,0,0,0,1,0,0,0,0,0,0,0,0,1,"['초콜릿', '고소함']",4,1,4,2
31,60,4,2023-11-16 05:26:40.961771,3,3,4,2,1,1,0,0,0,0,1,1,0,0,0,0,0,0,0,1,0,0,1,0,0,"['향료', '고소함', '허브']",5,4,3,4
31,359,1,2023-11-16 05:26:40.979823,3,4,4,2,1,0,1,1,0,0,0,0,0,0,1,0,0,0,0,0,0,0,0,0,0,"['향료', '고소함', '허브']",5,4,3,4
31,15,4,2023-11-16 05:26:40.952062,4,2,5,3,1,1,0,1,0,0,0,0,0,0,0,1,0,1,0,0,0,0,1,0,0,"['향료', '고소함', '허브']",5,4,3,4
31,57,1,2023-11-16 05:26:40.957305,4,4,5,3,1,1,0,1,0,0,0,0,0,0,0,1,0,1,0,0,1,0,0,0,0,"['향료', '고소함', '허브']",5,4,3,4
31,76,1,2023-11-16 05:26:40.964884,5,4,5,2,1,1,0,0,0,0,1,0,0,0,1,0,1,1,0,0,0,0,0,0,0,"['향료', '고소함', '허브']",5,4,3,4
31,221,3,2023-11-16 05:26:40.968276,3,4,5,3,1,1,0,1,0,0,0,0,0,0,1,0,0,0,0,0,0,0,0,0,0,"['향료', '고소함', '허브']",5,4,3,4
31,240,3,2023-11-16 05:26:40.971645,4,2,4,3,1,1,0,1,0,0,0,0,0,0,0,1,0,0,0,0,0,0,0,0,0,"['향료', '고소함', '허브']",5,4,3,4
31,489,4,2023-11-16 05:26:40.983500,4,3,3,4,1,0,1,0,1,0,0,1,0,0,0,0,0,0,0,0,0,0,0,0,0,"['향료', '고소함', '허브']",5,4,3,4
31,491,5,2023-11-16 05:26:40.987119,4,1,4,3,1,1,0,1,0,0,0,1,0,0,0,0,0,0,0,0,0,0,0,0,0,"['향료', '고소함', '허브']",5,4,3,4
31,518,2,2023-11-16 05:26:40.990842,3,4,4,2,0,1,0,1,0,0,0,0,0,0,1,0,0,0,0,0,0,0,0,0,0,"['향료', '고소함', '허브']",5,4,3,4
41,177,2,2023-11-16 11:29:15.306530,2,3,4,2,1,1,0,1,0,0,0,0,0,1,0,0,1,1,0,0,0,0,0,0,0,"['꽃', '초콜릿', '고소함']",4,4,3,2
41,381,2,2023-11-16 11:29:15.322933,3,3,4,1,1,0,1,1,0,0,0,0,0,1,0,0,0,0,0,0,0,0,0,0,0,"['꽃', '초콜릿', '고소함']",4,4,3,2
41,155,3,2023-11-16 11:29:15.302961,4,2,4,2,1,1,0,1,0,0,0,0,0,0,1,0,0,1,0,1,0,0,1,0,0,"['꽃', '초콜릿', '고소함']",4,4,3,2
41,311,2,2023-11-16 11:29:15.315568,3,4,4,2,1,1,0,1,0,0,0,0,0,0,1,0,0,0,0,0,0,0,0,0,0,"['꽃', '초콜릿', '고소함']",4,4,3,2
41,43,1,2023-11-16 11:29:15.298916,4,4,5,1,1,1,0,0,0,0,1,0,0,0,1,0,0,1,0,0,1,1,1,0,0,"['꽃', '초콜릿', '고소함']",4,4,3,2
41,36,1,2023-11-16 11:29:15.295227,4,2,5,4,1,1,0,1,0,0,0,1,0,0,0,0,0,1,0,0,0,0,1,0,0,"['꽃', '초콜릿', '고소함']",4,4,3,2
41,182,4,2023-11-16 11:29:15.311776,3,3,4,3,0,0,1,1,0,0,0,0,0,1,0,0,0,0,1,1,0,0,1,0,0,"['꽃', '초콜릿', '고소함']",4,4,3,2
41,332,3,2023-11-16 11:29:15.319062,3,3,4,3,1,1,0,1,0,0,0,0,0,0,1,0,0,0,0,0,0,0,0,0,0,"['꽃', '초콜릿', '고소함']",4,4,3,2
41,437,4,2023-11-16 11:29:15.326691,3,3,4,3,1,1,0,1,0,0,0,0,0,1,0,0,0,0,0,0,0,0,0,0,0,"['꽃', '초콜릿', '고소함']",4,4,3,2
41,507,5,2023-11-16 11:29:15.330168,5,1,5,4,1,1,0,1,0,0,0,1,0,0,0,0,0,0,0,0,0,0,0,0,0,"['꽃', '초콜릿', '고소함']",4,4,3,2
27,205,3,2023-11-16 03:28:02.726312,5,2,4,3,1,1,0,1,0,0,0,0,0,0,0,1,0,0,0,0,0,0,0,0,1,['고소함'],4,2,3,2
27,146,3,2023-11-16 03:28:02.718513,4,3,4,2,1,1,0,1,0,0,0,0,0,0,0,1,0,0,0,0,0,0,1,0,1,['고소함'],4,2,3,2
27,270,3,2023-11-16 03:28:02.741152,3,3,4,1,0,0,1,1,0,0,0,0,0,0,1,0,0,0,0,0,0,0,0,0,1,['고소함'],4,2,3,2
27,369,3,2023-11-16 03:37:21.728277,4,1,4,4,1,1,0,0,0,1,0,1,0,0,0,0,0,0,0,0,0,0,0,0,1,['고소함'],4,2,3,2
27,198,4,2023-11-16 03:37:21.719291,2,2,4,1,1,1,0,1,0,0,0,0,0,0,1,0,0,0,0,0,0,0,0,0,1,['고소함'],4,2,3,2
27,82,4,2023-11-16 03:28:02.711648,2,3,2,1,1,0,1,0,0,0,1,0,0,0,1,0,0,1,0,0,0,0,0,0,1,['고소함'],4,2,3,2
27,546,3,2023-11-16 03:28:02.748920,4,1,4,3,1,1,0,1,0,0,0,1,0,0,0,0,0,0,0,0,0,0,0,0,1,['고소함'],4,2,3,2
27,105,3,2023-11-16 03:37:21.714350,4,2,4,4,1,1,0,1,0,0,0,0,0,0,0,1,0,1,0,1,1,0,1,0,1,['고소함'],4,2,3,2
27,283,3,2023-11-16 03:37:21.723501,4,1,4,2,1,1,0,1,0,0,0,0,0,0,1,0,0,0,0,0,0,0,0,0,1,['고소함'],4,2,3,2
27,549,3,2023-11-16 03:37:21.734274,5,1,4,3,1,1,0,1,0,0,0,0,0,0,0,1,0,0,0,0,0,0,0,0,1,['고소함'],4,2,3,2
7,366,3,2023-11-16 00:57:37.306730,4,2,4,4,1,1,0,0,0,1,0,1,0,0,0,0,0,0,0,0,0,0,0,0,0,['초콜릿'],3,1,5,2
7,364,3,2023-11-16 00:57:37.303241,5,1,5,3,1,1,0,1,0,0,0,0,0,0,0,1,0,0,0,0,0,0,0,0,0,['초콜릿'],3,1,5,2
7,47,2,2023-11-16 00:57:37.275560,3,2,4,2,0,0,1,1,0,0,0,0,0,0,1,0,0,0,0,0,1,0,1,0,0,['초콜릿'],3,1,5,2
7,62,2,2023-11-16 00:57:37.285372,5,3,5,1,1,0,1,1,0,0,0,0,0,0,0,1,0,1,0,0,0,0,1,0,0,['초콜릿'],3,1,5,2
7,231,3,2023-11-16 00:57:37.289346,5,1,3,4,1,1,0,1,0,0,0,0,0,0,0,1,0,0,0,0,0,0,0,0,0,['초콜릿'],3,1,5,2
7,273,3,2023-11-16 00:57:37.292947,5,1,4,3,1,1,0,1,0,0,0,1,0,0,0,0,0,0,0,0,0,0,0,0,0,['초콜릿'],3,1,5,2
7,320,3,2023-11-16 00:57:37.296366,4,2,4,3,1,1,0,0,0,1,0,0,0,0,1,0,0,0,0,0,0,0,0,0,0,['초콜릿'],3,1,5,2
7,342,3,2023-11-16 00:57:37.299953,3,4,4,1,1,0,1,1,0,0,0,0,0,1,0,0,0,0,0,0,0,0,0,0,0,['초콜릿'],3,1,5,2
7,468,3,2023-11-16 00:57:37.310360,4,1,3,2,1,1,0,1,0,0,0,1,0,0,0,0,0,0,0,0,0,0,0,0,0,['초콜릿'],3,1,5,2
7,494,3,2023-11-16 00:57:37.314018,3,3,4,3,0,0,1,1,0,0,0,0,0,0,0,1,0,0,0,0,0,0,0,0,0,['초콜릿'],3,1,5,2
3,382,1,2023-11-15 12:46:18.659999,3,4,4,2,1,0,1,1,0,0,0,0,0,1,0,0,0,0,0,0,0,0,0,0,0,['고소함'],5,1,1,4
3,90,1,2023-11-15 12:46:18.641231,3,3,4,1,1,1,0,1,0,0,0,0,0,0,1,0,0,0,0,0,0,0,0,0,0,['고소함'],5,1,1,4
3,141,1,2023-11-15 12:46:18.645059,2,4,4,1,1,1,0,1,0,0,0,0,0,1,0,0,0,1,0,1,0,0,0,0,0,['고소함'],5,1,1,4
3,315,5,2023-11-15 12:46:18.649072,4,1,5,4,0,0,1,0,1,0,0,0,0,0,0,1,0,0,0,0,0,0,0,0,0,['고소함'],5,1,1,4
3,345,1,2023-11-15 12:46:18.652766,4,4,3,4,1,1,0,1,0,0,0,0,0,0,1,0,0,0,0,0,0,0,0,0,0,['고소함'],5,1,1,4
3,380,1,2023-11-15 12:46:18.656392,4,3,4,3,1,0,1,1,0,0,0,0,0,0,0,1,0,0,0,0,0,0,0,0,0,['고소함'],5,1,1,4
3,436,5,2023-11-15 12:46:18.664242,3,1,5,3,1,1,0,1,0,0,0,0,0,0,1,0,0,0,0,0,0,0,0,0,0,['고소함'],5,1,1,4
3,439,1,2023-11-15 12:46:18.668074,3,4,4,1,1,1,0,1,0,0,0,0,0,1,0,0,0,0,0,0,0,0,0,0,0,['고소함'],5,1,1,4
3,454,5,2023-11-15 12:46:18.671912,4,2,4,2,1,1,0,1,0,0,0,0,0,0,0,1,0,0,0,0,0,0,0,0,0,['고소함'],5,1,1,4
3,472,5,2023-11-15 12:46:18.675619,4,1,4,3,1,1,0,1,0,0,0,1,0,0,0,0,0,0,0,0,0,0,0,0,0,['고소함'],5,1,1,4
28,382,2,2023-11-16 05:19:42.327360,3,4,4,2,1,0,1,1,0,0,0,0,0,1,0,0,0,0,0,0,0,0,0,0,1,['고소함'],4,2,3,2
28,2,4,2023-11-16 05:19:42.298806,4,2,4,3,1,1,0,1,0,0,0,0,0,0,0,1,0,0,0,0,0,0,0,0,1,['고소함'],4,2,3,2
28,19,3,2023-11-16 05:19:42.304782,4,2,4,3,1,1,0,1,0,0,0,0,0,0,0,1,0,0,0,1,0,0,1,0,1,['고소함'],4,2,3,2
28,102,3,2023-11-16 05:19:42.308553,3,3,4,1,1,1,0,1,0,0,0,0,0,0,1,0,0,1,0,0,0,0,1,0,1,['고소함'],4,2,3,2
28,104,3,2023-11-16 05:19:42.312066,2,3,5,1,0,1,0,1,0,0,0,0,0,0,1,0,0,1,0,1,0,1,0,0,1,['고소함'],4,2,3,2
28,191,4,2023-11-16 05:19:42.315322,3,2,5,3,0,1,0,1,0,0,0,0,0,0,0,1,0,0,0,0,0,0,0,0,1,['고소함'],4,2,3,2
28,252,2,2023-11-16 05:19:42.318929,2,4,4,1,1,1,0,1,0,0,0,0,0,0,1,0,0,0,0,0,0,0,0,0,1,['고소함'],4,2,3,2
28,311,2,2023-11-16 05:19:42.322473,3,4,4,2,1,1,0,1,0,0,0,0,0,0,1,0,0,0,0,0,0,0,0,0,1,['고소함'],4,2,3,2
28,453,5,2023-11-16 05:19:42.331168,5,1,5,2,1,1,0,1,0,0,0,1,0,0,0,0,0,0,0,0,0,0,0,0,1,['고소함'],4,2,3,2
28,471,4,2023-11-16 05:19:42.335171,4,3,3,3,1,0,1,0,0,0,1,0,0,0,1,0,0,0,0,0,0,0,0,0,1,['고소함'],4,2,3,2
1,64,5,2023-11-15 12:46:10.793300,5,1,5,1,1,1,0,1,0,0,0,1,0,0,0,0,0,0,0,0,0,0,1,1,0,"['초콜릿', '달콤함', '고소함']",3,3,3,3
1,73,1,2023-11-15 12:46:10.795829,3,4,4,1,1,1,0,0,0,0,1,0,0,1,0,0,0,1,0,1,0,0,0,1,0,"['초콜릿', '달콤함', '고소함']",3,3,3,3
1,152,2,2023-11-15 12:46:10.798218,3,2,3,2,1,1,0,1,0,0,0,0,0,0,0,1,0,0,0,1,0,0,1,1,0,"['초콜릿', '달콤함', '고소함']",3,3,3,3
1,260,5,2023-11-15 12:46:10.800701,4,1,4,3,0,0,1,1,0,0,0,1,0,0,0,0,0,0,0,0,0,0,0,1,0,"['초콜릿', '달콤함', '고소함']",3,3,3,3
1,336,1,2023-11-15 12:46:10.802160,3,4,4,1,1,1,0,0,1,0,0,0,0,0,1,0,0,0,0,0,0,0,0,1,0,"['초콜릿', '달콤함', '고소함']",3,3,3,3
1,372,4,2023-11-15 12:46:10.804992,5,1,3,4,1,1,0,1,0,0,0,1,0,0,0,0,0,0,0,0,0,0,0,1,0,"['초콜릿', '달콤함', '고소함']",3,3,3,3
1,385,1,2023-11-15 12:46:10.806638,2,4,5,1,1,0,1,1,0,0,0,0,1,0,0,0,0,0,0,0,0,0,0,1,0,"['초콜릿', '달콤함', '고소함']",3,3,3,3
1,408,5,2023-11-15 12:46:10.813633,5,1,5,3,1,1,0,1,0,0,0,1,0,0,0,0,0,0,0,0,0,0,0,1,0,"['초콜릿', '달콤함', '고소함']",3,3,3,3
1,419,3,2023-11-15 12:46:10.815216,4,3,4,2,1,1,0,1,0,0,0,0,0,0,0,1,0,0,0,0,0,0,0,1,0,"['초콜릿', '달콤함', '고소함']",3,3,3,3
1,536,5,2023-11-15 12:46:10.818605,4,1,3,4,1,1,0,1,0,0,0,1,0,0,0,0,0,0,0,0,0,0,0,1,0,"['초콜릿', '달콤함', '고소함']",3,3,3,3
22,73,2,2023-11-16 02:27:21.027266,3,4,4,1,1,1,0,0,0,0,1,0,0,1,0,0,0,1,0,1,0,0,0,1,0,"['향료', '고소함', '허브']",5,4,2,4
22,133,4,2023-11-16 02:27:21.031363,5,1,5,4,1,0,1,1,0,0,0,1,0,0,0,0,0,0,0,0,0,0,0,1,0,"['향료', '고소함', '허브']",5,4,2,4
22,519,4,2023-11-16 02:27:21.054107,4,2,5,2,1,1,0,1,0,0,0,0,0,0,0,1,0,0,0,0,0,0,0,1,0,"['향료', '고소함', '허브']",5,4,2,4
22,11,4,2023-11-16 02:27:21.012580,4,1,3,4,1,1,0,0,1,0,0,1,0,0,0,0,0,0,0,1,1,0,1,1,0,"['향료', '고소함', '허브']",5,4,2,4
22,66,4,2023-11-16 02:27:21.022054,4,1,4,4,0,0,1,1,0,0,0,1,0,0,0,0,0,0,0,0,0,0,1,1,0,"['향료', '고소함', '허브']",5,4,2,4
22,156,2,2023-11-16 02:27:21.035161,4,3,4,2,0,0,1,1,0,0,0,0,0,0,0,1,0,1,0,1,1,0,1,1,0,"['향료', '고소함', '허브']",5,4,2,4
22,247,3,2023-11-16 02:27:21.040274,4,3,4,2,0,1,0,1,0,0,0,0,0,0,0,1,0,0,0,0,0,0,0,1,0,"['향료', '고소함', '허브']",5,4,2,4
22,274,5,2023-11-16 02:27:21.043974,3,1,3,2,0,0,1,1,0,0,0,0,0,0,0,1,0,0,0,0,0,0,0,1,0,"['향료', '고소함', '허브']",5,4,2,4
22,426,1,2023-11-16 02:27:21.047904,3,4,4,2,1,0,1,1,0,0,0,0,1,0,0,0,0,0,0,0,0,0,0,1,0,"['향료', '고소함', '허브']",5,4,2,4
22,524,4,2023-11-16 02:27:21.057691,3,2,3,3,1,1,0,0,0,0,1,0,0,0,0,1,0,0,0,0,0,0,0,1,0,"['향료', '고소함', '허브']",5,4,2,4
21,152,5,2023-11-16 02:20:30.131832,3,2,3,2,1,1,0,1,0,0,0,0,0,0,0,1,0,0,0,1,0,0,1,0,1,['고소함'],4,2,3,2
21,556,3,2023-11-16 02:20:30.150919,5,1,3,4,1,1,0,1,0,0,0,1,0,0,0,0,0,0,0,0,0,0,0,0,1,['고소함'],4,2,3,2
21,494,2,2023-11-16 02:20:30.145946,3,3,4,3,0,0,1,1,0,0,0,0,0,0,0,1,0,0,0,0,0,0,0,0,1,['고소함'],4,2,3,2
21,14,4,2023-11-16 02:20:30.118944,4,1,4,3,0,1,0,1,0,0,0,0,0,0,0,1,0,0,0,0,0,0,0,0,1,['고소함'],4,2,3,2
21,509,2,2023-11-16 02:20:30.147700,3,4,4,1,1,1,0,1,0,0,0,0,0,0,0,1,0,0,0,0,0,0,0,0,1,['고소함'],4,2,3,2
21,115,4,2023-11-16 02:20:30.125283,4,3,5,1,1,1,0,0,0,0,1,0,0,0,1,0,0,1,0,0,1,0,1,0,1,['고소함'],4,2,3,2
21,148,2,2023-11-16 02:20:30.128443,4,1,3,4,1,1,0,1,0,0,0,0,0,0,0,1,0,0,0,0,1,0,1,0,1,['고소함'],4,2,3,2
21,203,4,2023-11-16 02:20:30.135524,4,1,4,3,1,1,0,1,0,0,0,0,0,0,0,1,0,0,0,0,0,0,0,0,1,['고소함'],4,2,3,2
21,210,3,2023-11-16 02:20:30.139098,4,3,4,1,1,1,0,0,1,0,0,0,0,0,1,0,0,0,0,0,0,0,0,0,1,['고소함'],4,2,3,2
21,479,3,2023-11-16 02:20:30.142544,4,2,4,3,1,0,1,1,0,0,0,0,0,0,0,1,0,0,0,0,0,0,0,0,1,['고소함'],4,2,3,2
38,152,2,2023-11-16 07:42:18.925142,3,2,3,2,1,1,0,1,0,0,0,0,0,0,0,1,0,0,0,1,0,0,1,0,1,"['초콜릿', '향료', '달콤함', '고소함']",2,1,5,4
38,315,5,2023-11-16 07:42:18.935288,4,1,5,4,0,0,1,0,1,0,0,0,0,0,0,1,0,0,0,0,0,0,0,0,1,"['초콜릿', '향료', '달콤함', '고소함']",2,1,5,4
38,459,2,2023-11-16 07:42:18.942056,3,3,4,3,1,0,1,1,0,0,0,0,0,0,1,0,0,1,0,1,0,0,1,0,1,"['초콜릿', '향료', '달콤함', '고소함']",2,1,5,4
38,526,4,2023-11-16 07:42:18.947176,4,1,4,3,1,1,0,0,1,0,0,0,0,0,0,1,0,0,0,0,0,0,0,0,1,"['초콜릿', '향료', '달콤함', '고소함']",2,1,5,4
38,203,4,2023-11-16 07:42:18.931971,4,1,4,3,1,1,0,1,0,0,0,0,0,0,0,1,0,0,0,0,0,0,0,0,1,"['초콜릿', '향료', '달콤함', '고소함']",2,1,5,4
38,471,2,2023-11-16 07:42:18.943826,4,3,3,3,1,0,1,0,0,0,1,0,0,0,1,0,0,0,0,0,0,0,0,0,1,"['초콜릿', '향료', '달콤함', '고소함']",2,1,5,4
38,96,5,2023-11-16 07:42:18.920421,5,1,4,4,1,1,0,1,0,0,0,1,0,0,0,0,0,0,0,0,1,0,1,0,1,"['초콜릿', '향료', '달콤함', '고소함']",2,1,5,4
38,18,3,2023-11-16 07:42:18.916858,4,2,4,3,0,0,1,1,0,0,0,0,0,0,0,1,0,1,0,0,1,0,1,0,1,"['초콜릿', '향료', '달콤함', '고소함']",2,1,5,4
38,195,3,2023-11-16 07:42:18.928679,3,1,2,4,1,1,0,1,0,0,0,1,0,0,0,0,0,0,0,0,0,0,0,0,1,"['초콜릿', '향료', '달콤함', '고소함']",2,1,5,4
38,434,5,2023-11-16 07:42:18.938635,5,1,4,4,1,1,0,1,0,0,0,1,0,0,0,0,0,0,0,0,0,0,0,0,1,"['초콜릿', '향료', '달콤함', '고소함']",2,1,5,4
17,260,4,2023-11-16 02:02:25.995528,4,1,4,3,0,0,1,1,0,0,0,1,0,0,0,0,0,0,0,0,0,0,0,0,0,['고소함'],4,2,3,2
17,372,2,2023-11-16 02:02:26.003283,5,1,3,4,1,1,0,1,0,0,0,1,0,0,0,0,0,0,0,0,0,0,0,0,0,['고소함'],4,2,3,2
17,551,3,2023-11-16 02:02:26.015656,3,3,3,3,1,0,1,1,0,0,0,0,0,1,0,0,0,0,0,0,0,0,0,0,0,['고소함'],4,2,3,2
17,160,3,2023-11-16 02:02:25.993735,4,2,5,3,1,1,0,1,0,0,0,0,0,0,0,1,0,1,0,1,1,0,1,0,0,['고소함'],4,2,3,2
17,8,3,2023-11-16 02:02:25.984177,3,4,4,2,1,1,0,1,0,0,0,0,0,0,1,0,1,1,0,0,0,0,0,0,0,['고소함'],4,2,3,2
17,122,4,2023-11-16 02:02:25.990247,3,3,4,3,0,0,1,1,0,0,0,0,0,0,0,1,0,1,0,1,0,0,1,0,0,['고소함'],4,2,3,2
17,298,2,2023-11-16 02:02:25.999076,3,4,4,1,1,1,0,1,0,0,0,0,0,1,0,0,0,0,0,0,0,0,0,0,0,['고소함'],4,2,3,2
17,473,4,2023-11-16 02:02:26.006748,3,2,4,3,0,0,1,1,0,0,0,1,0,0,0,0,0,0,0,0,0,0,0,0,0,['고소함'],4,2,3,2
17,509,4,2023-11-16 02:02:26.010449,3,4,4,1,1,1,0,1,0,0,0,0,0,0,0,1,0,0,0,0,0,0,0,0,0,['고소함'],4,2,3,2
17,541,3,2023-11-16 02:02:26.013871,3,3,3,1,1,1,0,1,0,0,0,0,0,0,1,0,0,0,0,0,0,0,0,0,0,['고소함'],4,2,3,2
11,436,2,2023-11-16 01:03:26.527974,3,1,5,3,1,1,0,1,0,0,0,0,0,0,1,0,0,0,0,0,0,0,0,0,0,['고소함'],3,2,3,2
11,223,2,2023-11-16 01:03:26.508929,4,2,5,2,1,1,0,1,0,0,0,0,0,0,0,1,0,0,0,0,0,0,0,0,0,['고소함'],3,2,3,2
11,157,2,2023-11-16 01:03:26.504194,4,3,4,2,1,1,0,1,0,0,0,0,0,0,0,1,0,1,0,1,1,1,0,0,0,['고소함'],3,2,3,2
11,111,2,2023-11-16 01:03:26.496635,2,4,3,1,1,1,0,1,0,0,0,0,0,1,0,0,0,1,0,0,1,0,0,0,0,['고소함'],3,2,3,2
11,155,2,2023-11-16 01:03:26.500677,4,2,4,2,1,1,0,1,0,0,0,0,0,0,1,0,0,1,0,1,0,0,1,0,0,['고소함'],3,2,3,2
11,251,2,2023-11-16 01:03:26.512937,3,1,5,2,0,1,0,1,0,0,0,0,0,0,0,1,0,0,0,0,0,0,0,0,0,['고소함'],3,2,3,2
11,258,5,2023-11-16 01:03:26.514851,4,3,4,2,1,0,1,1,0,0,0,0,0,0,1,0,0,0,0,0,0,0,0,0,0,['고소함'],3,2,3,2
11,355,2,2023-11-16 01:03:26.518712,3,2,4,3,0,1,0,1,0,0,0,0,0,0,1,0,0,0,0,0,0,0,0,0,0,['고소함'],3,2,3,2
11,424,5,2023-11-16 01:03:26.522423,4,2,4,2,0,0,1,0,1,0,0,0,0,0,0,1,0,0,0,0,0,0,0,0,0,['고소함'],3,2,3,2
11,429,5,2023-11-16 01:03:26.525932,3,4,4,2,1,0,1,1,0,0,0,0,0,1,0,0,0,0,0,0,0,0,0,0,0,['고소함'],3,2,3,2
14,436,2,2023-11-16 01:48:20.459738,3,1,5,3,1,1,0,1,0,0,0,0,0,0,1,0,0,0,0,0,0,0,0,0,1,['고소함'],4,2,1,2
14,472,2,2023-11-16 01:48:20.463403,4,1,4,3,1,1,0,1,0,0,0,1,0,0,0,0,0,0,0,0,0,0,0,0,1,['고소함'],4,2,1,2
14,346,2,2023-11-16 01:48:20.457837,5,1,5,2,1,1,0,1,0,0,0,1,0,0,0,0,0,0,0,0,0,0,0,0,1,['고소함'],4,2,1,2
14,342,2,2023-11-16 01:48:20.454347,3,4,4,1,1,0,1,1,0,0,0,0,0,1,0,0,0,0,0,0,0,0,0,0,1,['고소함'],4,2,1,2
14,495,4,2023-11-16 01:48:20.467110,3,3,4,3,0,0,1,1,0,0,0,0,0,0,0,1,0,0,0,0,0,0,0,0,1,['고소함'],4,2,1,2
14,133,5,2023-11-16 01:48:20.436013,5,1,5,4,1,0,1,1,0,0,0,1,0,0,0,0,0,0,0,0,0,0,0,0,1,['고소함'],4,2,1,2
14,160,3,2023-11-16 01:48:20.442102,4,2,5,3,1,1,0,1,0,0,0,0,0,0,0,1,0,1,0,1,1,0,1,0,1,['고소함'],4,2,1,2
14,173,4,2023-11-16 01:48:20.445633,5,1,4,2,1,1,0,1,0,0,0,1,0,0,0,0,0,0,0,0,1,0,1,0,1,['고소함'],4,2,1,2
14,265,5,2023-11-16 01:48:20.447454,4,3,5,2,1,1,0,0,0,1,0,0,0,0,0,1,0,0,0,0,0,0,0,0,1,['고소함'],4,2,1,2
14,303,2,2023-11-16 01:48:20.450894,3,4,4,2,1,1,0,1,0,0,0,0,0,0,1,0,0,0,0,0,0,0,0,0,1,['고소함'],4,2,1,2
43,436,5,2023-11-16 12:05:06.870865,3,1,5,3,1,1,0,1,0,0,0,0,0,0,1,0,0,0,0,0,0,0,0,1,0,"['초콜릿', '달콤함']",2,1,3,3
43,359,1,2023-11-16 12:05:06.859814,3,4,4,2,1,0,1,1,0,0,0,0,0,0,1,0,0,0,0,0,0,0,0,1,0,"['초콜릿', '달콤함']",2,1,3,3
43,183,1,2023-11-16 12:05:06.849308,3,4,3,1,1,0,1,1,0,0,0,0,0,1,0,0,1,1,0,1,0,0,0,1,0,"['초콜릿', '달콤함']",2,1,3,3
43,191,5,2023-11-16 12:05:06.852870,3,2,5,3,0,1,0,1,0,0,0,0,0,0,0,1,0,0,0,0,0,0,0,1,0,"['초콜릿', '달콤함']",2,1,3,3
43,75,5,2023-11-16 12:05:06.838020,4,1,5,3,1,0,1,0,0,0,1,0,0,0,0,1,0,0,0,1,1,1,1,1,0,"['초콜릿', '달콤함']",2,1,3,3
43,170,3,2023-11-16 12:05:06.845778,4,3,4,2,1,1,0,1,0,0,0,0,0,0,0,1,0,0,0,1,0,0,1,1,0,"['초콜릿', '달콤함']",2,1,3,3
43,292,4,2023-11-16 12:05:06.856312,3,2,4,3,1,1,0,1,0,0,0,0,0,0,1,0,0,0,0,0,0,0,0,1,0,"['초콜릿', '달콤함']",2,1,3,3
43,371,5,2023-11-16 12:05:06.863076,4,1,4,4,1,1,0,1,0,0,0,0,0,0,0,1,0,0,0,0,0,0,0,1,0,"['초콜릿', '달콤함']",2,1,3,3
43,425,2,2023-11-16 12:05:06.867362,3,3,4,2,1,0,1,0,1,0,0,0,0,0,1,0,0,0,0,0,0,0,0,1,0,"['초콜릿', '달콤함']",2,1,3,3
43,517,2,2023-11-16 12:05:06.874287,3,3,3,1,0,0,1,1,0,0,0,0,0,0,0,1,0,0,0,0,0,0,0,1,0,"['초콜릿', '달콤함']",2,1,3,3
18,439,1,2023-11-16 02:04:03.973766,3,4,4,1,1,1,0,1,0,0,0,0,0,1,0,0,0,0,0,0,0,0,0,1,1,"['초콜릿', '고소함']",5,3,1,4
18,329,1,2023-11-16 02:04:03.970497,5,1,5,4,1,1,0,1,0,0,0,0,0,0,0,1,0,0,0,0,0,0,0,1,1,"['초콜릿', '고소함']",5,3,1,4
18,515,1,2023-11-16 02:04:03.975831,3,3,3,1,1,0,1,1,0,0,0,0,0,0,0,1,0,0,0,0,0,0,0,1,1,"['초콜릿', '고소함']",5,3,1,4
18,223,1,2023-11-16 02:04:03.967076,4,2,5,2,1,1,0,1,0,0,0,0,0,0,0,1,0,0,0,0,0,0,0,1,1,"['초콜릿', '고소함']",5,3,1,4
18,545,1,2023-11-16 02:04:03.982271,4,2,4,2,1,1,0,0,1,0,0,0,0,0,1,0,0,0,0,0,0,0,0,1,1,"['초콜릿', '고소함']",5,3,1,4
18,133,1,2023-11-16 02:04:03.961251,5,1,5,4,1,0,1,1,0,0,0,1,0,0,0,0,0,0,0,0,0,0,0,1,1,"['초콜릿', '고소함']",5,3,1,4
18,164,1,2023-11-16 02:04:03.964017,3,2,4,2,1,1,0,1,0,0,0,0,0,0,1,0,0,1,0,1,1,0,0,1,1,"['초콜릿', '고소함']",5,3,1,4
18,20,1,2023-11-16 02:04:03.952675,5,1,4,4,1,1,0,1,0,0,0,1,0,0,0,0,0,1,0,1,0,0,1,1,1,"['초콜릿', '고소함']",5,3,1,4
18,112,2,2023-11-16 02:04:03.955889,5,2,3,2,1,1,0,1,0,0,0,0,0,0,0,1,0,1,0,1,0,1,1,1,1,"['초콜릿', '고소함']",5,3,1,4
18,526,1,2023-11-16 02:04:03.979145,4,1,4,3,1,1,0,0,1,0,0,0,0,0,0,1,0,0,0,0,0,0,0,1,1,"['초콜릿', '고소함']",5,3,1,4
32,439,4,2023-11-16 05:35:35.295797,3,4,4,1,1,1,0,1,0,0,0,0,0,1,0,0,0,0,0,0,0,0,0,0,1,"['초콜릿', '달콤함']",3,1,4,2
32,244,3,2023-11-16 05:35:35.279308,3,2,4,2,1,1,0,1,0,0,0,0,0,0,0,1,0,0,0,0,0,0,0,0,1,"['초콜릿', '달콤함']",3,1,4,2
32,369,3,2023-11-16 05:35:35.289880,4,1,4,4,1,1,0,0,0,1,0,1,0,0,0,0,0,0,0,0,0,0,0,0,1,"['초콜릿', '달콤함']",3,1,4,2
32,221,5,2023-11-16 05:35:35.277531,3,4,5,3,1,1,0,1,0,0,0,0,0,0,1,0,0,0,0,0,0,0,0,0,1,"['초콜릿', '달콤함']",3,1,4,2
32,43,4,2023-11-16 05:35:35.264694,4,4,5,1,1,1,0,0,0,0,1,0,0,0,1,0,0,1,0,0,1,1,1,0,1,"['초콜릿', '달콤함']",3,1,4,2
32,193,4,2023-11-16 05:35:35.274137,2,3,5,1,1,0,1,1,0,0,0,0,1,0,0,0,0,0,0,0,0,0,0,0,1,"['초콜릿', '달콤함']",3,1,4,2
32,337,2,2023-11-16 05:35:35.282835,4,1,5,4,1,1,0,0,1,0,0,1,0,0,0,0,0,0,0,0,0,0,0,0,1,"['초콜릿', '달콤함']",3,1,4,2
32,347,4,2023-11-16 05:35:35.286296,4,2,4,3,1,1,0,1,0,0,0,0,0,0,1,0,0,0,0,0,0,0,0,0,1,"['초콜릿', '달콤함']",3,1,4,2
32,373,4,2023-11-16 05:35:35.294015,2,4,3,2,1,1,0,1,0,0,0,0,0,1,0,0,0,0,0,0,0,0,0,0,1,"['초콜릿', '달콤함']",3,1,4,2
32,508,4,2023-11-16 05:35:35.299619,3,3,4,1,1,1,0,1,0,0,0,0,0,0,1,0,0,0,0,0,0,0,0,0,1,"['초콜릿', '달콤함']",3,1,4,2
40,439,5,2023-11-16 10:10:10.955438,3,4,4,1,1,1,0,1,0,0,0,0,0,1,0,0,0,0,0,0,0,0,0,0,0,['과일'],3,4,3,2
40,244,2,2023-11-16 10:10:10.943185,3,2,4,2,1,1,0,1,0,0,0,0,0,0,0,1,0,0,0,0,0,0,0,0,0,['과일'],3,4,3,2
40,378,3,2023-11-16 10:10:10.947239,3,3,3,2,1,0,1,1,0,0,0,0,0,1,0,0,0,0,0,0,0,0,0,0,0,['과일'],3,4,3,2
40,121,4,2023-11-16 10:10:10.931719,3,3,3,2,1,1,0,0,1,0,0,0,0,0,1,0,0,1,0,1,0,0,0,0,0,['과일'],3,4,3,2
40,549,2,2023-11-16 10:10:10.966775,5,1,4,3,1,1,0,1,0,0,0,0,0,0,0,1,0,0,0,0,0,0,0,0,0,['과일'],3,4,3,2
40,50,4,2023-11-16 10:10:10.927565,3,3,3,2,1,1,0,1,0,0,0,0,0,0,0,1,0,1,1,0,1,0,0,0,0,['과일'],3,4,3,2
40,236,5,2023-11-16 10:10:10.939494,2,4,4,2,1,1,0,1,0,0,0,0,0,0,1,0,0,0,0,0,0,0,0,0,0,['과일'],3,4,3,2
40,230,3,2023-11-16 10:10:10.935246,4,1,4,2,1,1,0,1,0,0,0,1,0,0,0,0,0,0,0,0,0,0,0,0,0,['과일'],3,4,3,2
40,412,4,2023-11-16 10:10:10.951768,3,4,3,1,1,1,0,1,0,0,0,0,0,1,0,0,0,0,0,0,0,0,0,0,0,['과일'],3,4,3,2
40,483,5,2023-11-16 10:10:10.963508,2,4,4,1,1,0,1,1,0,0,0,0,1,0,0,0,0,0,0,0,0,0,0,0,0,['과일'],3,4,3,2
30,454,4,2023-11-16 05:23:30.105600,4,2,4,2,1,1,0,1,0,0,0,0,0,0,0,1,0,0,0,0,0,0,0,0,0,"['고소함', '허브']",4,2,4,3
30,375,4,2023-11-16 05:23:30.103198,5,1,5,4,1,1,0,1,0,0,0,0,0,0,0,1,0,0,0,0,0,0,0,0,0,"['고소함', '허브']",4,2,4,3
30,121,2,2023-11-16 05:23:30.088693,3,3,3,2,1,1,0,0,1,0,0,0,0,0,1,0,0,1,0,1,0,0,0,0,0,"['고소함', '허브']",4,2,4,3
30,189,5,2023-11-16 05:23:30.091772,3,3,3,3,1,1,0,1,0,0,0,0,0,0,1,0,0,0,0,0,0,0,0,0,0,"['고소함', '허브']",4,2,4,3
30,199,2,2023-11-16 05:23:30.094229,1,4,4,1,1,0,1,1,0,0,0,0,1,0,0,0,0,0,0,0,0,0,0,0,0,"['고소함', '허브']",4,2,4,3
30,206,4,2023-11-16 05:23:30.096578,3,2,4,2,0,0,1,1,0,0,0,0,0,0,0,1,0,0,0,0,0,0,0,0,0,"['고소함', '허브']",4,2,4,3
30,330,5,2023-11-16 05:23:30.097772,4,2,4,3,1,1,0,1,0,0,0,0,0,0,0,1,0,0,0,0,0,0,0,0,0,"['고소함', '허브']",4,2,4,3
30,363,4,2023-11-16 05:23:30.100484,4,2,5,2,1,1,0,1,0,0,0,0,0,0,1,0,0,0,0,0,0,0,0,0,0,"['고소함', '허브']",4,2,4,3
30,501,3,2023-11-16 05:23:30.107153,4,2,4,3,1,1,0,1,0,0,0,0,0,0,1,0,0,1,0,1,1,0,1,0,0,"['고소함', '허브']",4,2,4,3
30,548,1,2023-11-16 05:23:30.109608,4,4,5,1,1,0,1,1,0,0,0,0,0,0,1,0,0,0,0,0,0,0,0,0,0,"['고소함', '허브']",4,2,4,3
4,88,5,2023-11-15 12:47:17.624634,4,2,5,3,1,1,0,0,1,0,0,0,0,0,1,0,0,0,0,0,0,0,1,0,1,"['달콤함', '고소함']",3,1,5,2
4,89,3,2023-11-15 12:47:17.631863,4,1,3,4,1,1,0,0,0,1,0,0,0,0,1,0,0,0,0,0,0,0,1,0,1,"['달콤함', '고소함']",3,1,5,2
4,114,4,2023-11-15 12:47:17.635157,3,2,4,2,0,0,1,0,0,0,1,0,0,0,0,1,0,0,0,0,0,0,0,0,1,"['달콤함', '고소함']",3,1,5,2
4,154,5,2023-11-15 12:47:17.638538,3,4,5,1,1,1,0,1,0,0,0,0,1,0,0,0,1,1,0,0,0,0,0,0,1,"['달콤함', '고소함']",3,1,5,2
4,312,3,2023-11-15 12:47:17.641757,3,4,4,3,1,1,0,1,0,0,0,0,0,0,1,0,0,0,0,0,0,0,0,0,1,"['달콤함', '고소함']",3,1,5,2
4,346,5,2023-11-15 12:47:17.643448,5,1,5,2,1,1,0,1,0,0,0,1,0,0,0,0,0,0,0,0,0,0,0,0,1,"['달콤함', '고소함']",3,1,5,2
4,399,4,2023-11-15 12:47:17.646540,4,2,4,3,0,0,1,1,0,0,0,0,0,0,0,1,0,0,0,0,0,0,0,0,1,"['달콤함', '고소함']",3,1,5,2
4,467,1,2023-11-15 12:47:17.649994,4,2,2,3,0,1,0,0,0,0,1,1,0,0,0,0,0,0,0,0,0,0,0,0,1,"['달콤함', '고소함']",3,1,5,2
4,480,2,2023-11-15 12:47:17.655000,2,3,3,1,1,0,1,1,0,0,0,0,1,0,0,0,0,0,0,0,0,0,0,0,1,"['달콤함', '고소함']",3,1,5,2
4,520,4,2023-11-15 12:47:17.658339,3,3,4,2,1,0,1,1,0,0,0,0,0,0,0,1,0,0,0,0,0,0,0,0,1,"['달콤함', '고소함']",3,1,5,2
42,154,1,2023-11-16 11:31:06.395611,3,4,5,1,1,1,0,1,0,0,0,0,1,0,0,0,1,1,0,0,0,0,0,0,1,['달콤함'],2,1,3,2
42,267,3,2023-11-16 11:31:06.401860,4,3,4,3,1,1,0,0,1,0,0,0,0,0,0,1,0,0,0,0,0,0,0,0,1,['달콤함'],2,1,3,2
42,189,2,2023-11-16 11:31:06.398678,3,3,3,3,1,1,0,1,0,0,0,0,0,0,1,0,0,0,0,0,0,0,0,0,1,['달콤함'],2,1,3,2
42,458,2,2023-11-16 11:31:06.414963,3,4,4,2,1,0,1,1,0,0,0,0,0,0,1,0,0,1,0,1,0,0,0,0,1,['달콤함'],2,1,3,2
42,418,5,2023-11-16 11:31:06.403513,4,1,4,2,1,0,1,0,0,0,1,0,0,1,0,0,0,0,0,0,0,0,0,0,1,['달콤함'],2,1,3,2
42,6,5,2023-11-16 11:31:06.388585,3,1,4,3,1,1,0,1,0,0,0,0,0,0,0,1,0,0,0,0,1,0,1,0,1,['달콤함'],2,1,3,2
42,41,5,2023-11-16 11:31:06.392237,4,2,4,3,0,1,0,1,0,0,0,0,0,0,0,1,0,0,0,0,0,0,0,0,1,['달콤함'],2,1,3,2
42,421,4,2023-11-16 11:31:06.406818,4,3,3,2,0,0,1,1,0,0,0,0,0,0,0,1,0,0,0,0,0,0,0,0,1,['달콤함'],2,1,3,2
42,427,3,2023-11-16 11:31:06.410062,3,3,4,2,1,0,1,1,0,0,0,0,0,1,0,0,0,0,0,0,0,0,0,0,1,['달콤함'],2,1,3,2
42,451,3,2023-11-16 11:31:06.413144,3,3,5,1,1,1,0,1,0,0,0,0,0,0,1,0,0,0,0,0,0,0,0,0,1,['달콤함'],2,1,3,2
5,312,1,2023-11-15 12:47:53.814168,3,4,4,3,1,1,0,1,0,0,0,0,0,0,1,0,0,0,0,0,0,0,0,0,1,"['꽃', '초콜릿', '달콤함', '고소함']",3,3,3,3
5,42,1,2023-11-15 12:47:53.801866,3,4,5,2,1,1,0,0,0,0,1,0,0,0,1,0,0,1,0,0,1,1,0,0,1,"['꽃', '초콜릿', '달콤함', '고소함']",3,3,3,3
5,49,5,2023-11-15 12:47:53.805608,3,1,4,2,1,1,0,1,0,0,0,0,0,0,0,1,0,0,0,1,1,0,1,0,1,"['꽃', '초콜릿', '달콤함', '고소함']",3,3,3,3
5,120,3,2023-11-15 12:47:53.807282,3,3,2,4,1,1,0,0,0,0,1,0,0,0,0,1,0,1,0,1,0,0,1,0,1,"['꽃', '초콜릿', '달콤함', '고소함']",3,3,3,3
5,128,3,2023-11-15 12:47:53.810606,2,3,3,2,0,0,1,1,0,0,0,0,0,0,1,0,0,1,0,0,0,0,1,0,1,"['꽃', '초콜릿', '달콤함', '고소함']",3,3,3,3
5,356,5,2023-11-15 12:47:53.818028,5,1,3,4,1,1,0,1,0,0,0,0,0,0,0,1,0,0,0,0,0,0,0,0,1,"['꽃', '초콜릿', '달콤함', '고소함']",3,3,3,3
5,377,3,2023-11-15 12:47:53.821523,3,3,4,3,1,0,1,1,0,0,0,0,0,1,0,0,0,0,0,0,0,0,0,0,1,"['꽃', '초콜릿', '달콤함', '고소함']",3,3,3,3
5,455,3,2023-11-15 12:47:53.823191,3,3,4,3,1,0,1,1,0,0,0,0,0,0,1,0,0,0,0,0,0,0,0,0,1,"['꽃', '초콜릿', '달콤함', '고소함']",3,3,3,3
5,465,3,2023-11-15 12:47:53.830005,3,2,2,3,1,1,0,0,0,0,1,0,0,0,0,1,0,0,0,0,0,0,0,0,1,"['꽃', '초콜릿', '달콤함', '고소함']",3,3,3,3
5,516,4,2023-11-15 12:47:53.838203,3,3,3,1,1,0,1,1,0,0,0,0,0,0,0,1,0,0,0,0,0,0,0,0,1,"['꽃', '초콜릿', '달콤함', '고소함']",3,3,3,3
2,467,1,2023-11-15 12:47:35.281691,4,2,2,3,0,1,0,0,0,0,1,1,0,0,0,0,0,0,0,0,0,0,0,0,0,['고소함'],4,2,3,3
2,113,4,2023-11-15 12:47:35.257389,4,2,3,1,1,1,0,1,0,0,0,0,0,0,0,1,0,1,0,0,1,0,0,0,0,['고소함'],4,2,3,3
2,146,5,2023-11-15 12:47:35.259849,4,3,4,2,1,1,0,1,0,0,0,0,0,0,0,1,0,0,0,0,0,0,1,0,0,['고소함'],4,2,3,3
2,172,4,2023-11-15 12:47:35.262682,4,3,4,2,1,1,0,1,0,0,0,0,0,0,0,1,0,0,0,0,1,0,1,0,0,['고소함'],4,2,3,3
2,212,3,2023-11-15 12:47:35.265178,3,2,4,2,1,1,0,1,0,0,0,0,0,0,1,0,0,0,0,0,0,0,0,0,0,['고소함'],4,2,3,3
2,244,4,2023-11-15 12:47:35.266672,3,2,4,2,1,1,0,1,0,0,0,0,0,0,0,1,0,0,0,0,0,0,0,0,0,['고소함'],4,2,3,3
2,262,5,2023-11-15 12:47:35.269752,4,1,3,1,1,1,0,0,1,0,0,0,0,0,0,1,0,0,0,0,0,0,0,0,0,['고소함'],4,2,3,3
2,334,5,2023-11-15 12:47:35.271173,4,1,4,3,0,1,0,1,0,0,0,0,0,0,0,1,0,0,0,0,0,0,0,0,0,['고소함'],4,2,3,3
2,359,3,2023-11-15 12:47:35.276082,3,4,4,2,1,0,1,1,0,0,0,0,0,0,1,0,0,0,0,0,0,0,0,0,0,['고소함'],4,2,3,3
2,381,4,2023-11-15 12:47:35.278816,3,3,4,1,1,0,1,1,0,0,0,0,0,1,0,0,0,0,0,0,0,0,0,0,0,['고소함'],4,2,3,3
9,467,3,2023-11-16 00:56:45.626699,4,2,2,3,0,1,0,0,0,0,1,1,0,0,0,0,0,0,0,0,0,0,0,0,0,['허브'],3,2,3,3
9,99,5,2023-11-16 00:56:45.589683,3,3,4,2,1,1,0,1,0,0,0,0,0,0,1,0,0,1,0,1,0,0,1,0,0,['허브'],3,2,3,3
9,123,3,2023-11-16 00:56:45.594966,3,3,4,2,0,0,1,1,0,0,0,0,0,0,0,1,0,1,0,0,0,0,1,0,0,['허브'],3,2,3,3
9,157,5,2023-11-16 00:56:45.600110,4,3,4,2,1,1,0,1,0,0,0,0,0,0,0,1,0,1,0,1,1,1,0,0,0,['허브'],3,2,3,3
9,184,5,2023-11-16 00:56:45.604430,2,3,5,1,1,0,1,1,0,0,0,0,1,0,0,0,0,1,0,1,0,0,0,0,0,['허브'],3,2,3,3
9,235,2,2023-11-16 00:56:45.607845,4,1,4,2,0,1,0,1,0,0,0,0,0,0,0,1,0,0,0,0,0,0,0,0,0,['허브'],3,2,3,3
9,275,2,2023-11-16 00:56:45.611240,4,1,4,3,1,1,0,1,0,0,0,1,0,0,0,0,0,0,0,0,0,0,0,0,0,['허브'],3,2,3,3
9,379,5,2023-11-16 00:56:45.614662,3,4,4,1,1,0,1,1,0,0,0,0,0,1,0,0,0,0,0,0,0,0,0,0,0,['허브'],3,2,3,3
9,404,2,2023-11-16 00:56:45.620060,3,2,4,3,1,1,0,1,0,0,0,0,0,0,1,0,0,0,0,0,0,0,0,0,0,['허브'],3,2,3,3
9,428,5,2023-11-16 00:56:45.624963,3,3,4,3,1,0,1,1,0,0,0,0,0,0,1,0,0,0,0,0,0,0,0,0,0,['허브'],3,2,3,3
10,480,5,2023-11-16 01:01:55.560516,2,3,3,1,1,0,1,1,0,0,0,0,1,0,0,0,0,0,0,0,0,0,0,0,0,['꽃'],3,3,3,3
10,172,5,2023-11-16 01:01:55.546584,4,3,4,2,1,1,0,1,0,0,0,0,0,0,0,1,0,0,0,0,1,0,1,0,0,['꽃'],3,3,3,3
10,14,2,2023-11-16 01:01:55.534376,4,1,4,3,0,1,0,1,0,0,0,0,0,0,0,1,0,0,0,0,0,0,0,0,0,['꽃'],3,3,3,3
10,126,2,2023-11-16 01:01:55.540476,3,2,4,3,1,1,0,1,0,0,0,0,0,0,0,1,0,1,0,0,1,0,1,0,0,['꽃'],3,3,3,3
10,162,5,2023-11-16 01:01:55.543695,5,4,5,3,1,0,1,0,0,0,1,0,0,0,1,0,0,1,1,0,0,0,1,0,0,['꽃'],3,3,3,3
10,183,5,2023-11-16 01:01:55.549689,3,4,3,1,1,0,1,1,0,0,0,0,0,1,0,0,1,1,0,1,0,0,0,0,0,['꽃'],3,3,3,3
10,267,5,2023-11-16 01:01:55.553442,4,3,4,3,1,1,0,0,1,0,0,0,0,0,0,1,0,0,0,0,0,0,0,0,0,['꽃'],3,3,3,3
10,410,2,2023-11-16 01:01:55.557010,4,2,3,3,1,1,0,0,0,0,1,0,0,0,0,1,0,0,0,0,0,0,0,0,0,['꽃'],3,3,3,3
10,502,2,2023-11-16 01:01:55.563844,4,1,4,4,0,1,0,0,1,0,0,1,0,0,0,0,0,0,0,0,0,0,0,0,0,['꽃'],3,3,3,3
10,538,5,2023-11-16 01:01:55.567446,3,3,3,2,1,0,1,0,0,0,1,0,0,0,1,0,0,0,0,0,0,0,0,0,0,['꽃'],3,3,3,3
13,262,2,2023-11-16 01:11:12.099462,4,1,3,1,1,1,0,0,1,0,0,0,0,0,0,1,0,0,0,0,0,0,0,0,1,['고소함'],5,2,1,3
13,556,2,2023-11-16 01:11:12.134238,5,1,3,4,1,1,0,1,0,0,0,1,0,0,0,0,0,0,0,0,0,0,0,0,1,['고소함'],5,2,1,3
13,494,1,2023-11-16 01:11:12.106087,3,3,4,3,0,0,1,1,0,0,0,0,0,0,0,1,0,0,0,0,0,0,0,0,1,['고소함'],5,2,1,3
13,92,1,2023-11-16 01:11:12.087697,4,4,5,1,1,1,0,1,0,0,0,0,0,0,1,0,0,1,0,0,1,0,0,0,1,['고소함'],5,2,1,3
13,211,1,2023-11-16 01:11:12.097804,5,1,5,4,1,1,0,1,0,0,0,1,0,0,0,0,0,0,0,0,0,0,0,0,1,['고소함'],5,2,1,3
13,475,2,2023-11-16 01:11:12.102659,5,1,3,4,1,1,0,0,0,0,1,1,0,0,0,0,0,0,0,0,0,0,0,0,1,['고소함'],5,2,1,3
13,495,3,2023-11-16 01:11:12.110111,3,3,4,3,0,0,1,1,0,0,0,0,0,0,0,1,0,0,0,0,0,0,0,0,1,['고소함'],5,2,1,3
13,504,2,2023-11-16 01:11:12.116472,3,1,3,3,1,0,1,1,0,0,0,0,0,0,0,1,0,0,0,0,0,0,0,0,1,['고소함'],5,2,1,3
13,545,2,2023-11-16 01:11:12.124484,4,2,4,2,1,1,0,0,1,0,0,0,0,0,1,0,0,0,0,0,0,0,0,0,1,['고소함'],5,2,1,3
13,551,2,2023-11-16 01:11:12.130636,3,3,3,3,1,0,1,1,0,0,0,0,0,1,0,0,0,0,0,0,0,0,0,0,1,['고소함'],5,2,1,3
29,359,4,2023-11-16 05:22:23.915531,3,4,4,2,1,0,1,1,0,0,0,0,0,0,1,0,0,0,0,0,0,0,0,0,1,['고소함'],4,2,3,2
29,246,4,2023-11-16 05:22:23.908019,2,4,4,2,1,1,0,1,0,0,0,0,0,1,0,0,0,0,0,0,0,0,0,0,1,['고소함'],4,2,3,2
29,318,4,2023-11-16 05:22:23.911415,3,4,4,2,0,0,1,0,0,0,1,0,0,0,1,0,0,0,0,0,0,0,0,0,1,['고소함'],4,2,3,2
29,135,4,2023-11-16 05:22:23.891742,2,3,4,2,0,0,1,1,0,0,0,0,0,0,0,1,0,0,0,1,0,1,1,0,1,['고소함'],4,2,3,2
29,65,4,2023-11-16 05:22:23.887994,3,4,3,2,1,0,1,1,0,0,0,0,0,0,1,0,1,1,0,0,0,0,0,0,1,['고소함'],4,2,3,2
29,143,5,2023-11-16 05:22:23.895136,5,1,4,4,1,1,0,1,0,0,0,1,0,0,0,0,0,0,0,0,1,0,1,0,1,['고소함'],4,2,3,2
29,175,4,2023-11-16 05:22:23.898828,3,1,4,2,0,1,0,1,0,0,0,1,0,0,0,0,0,0,0,1,1,0,1,0,1,['고소함'],4,2,3,2
29,216,4,2023-11-16 05:22:23.902498,3,3,4,1,1,1,0,0,1,0,0,0,0,0,0,1,0,0,0,0,0,0,0,0,1,['고소함'],4,2,3,2
29,420,5,2023-11-16 05:22:23.919033,3,1,2,3,1,1,0,1,0,0,0,1,0,0,0,0,0,0,0,0,0,0,0,0,1,['고소함'],4,2,3,2
29,503,5,2023-11-16 05:22:23.923627,4,1,3,4,1,1,0,1,0,0,0,0,0,0,0,1,0,0,0,0,0,0,0,0,1,['고소함'],4,2,3,2
8,381,1,2023-11-16 00:52:58.135446,3,3,4,1,1,0,1,1,0,0,0,0,0,1,0,0,0,0,0,0,0,0,0,0,0,"['과일', '초콜릿', '향료', '고소함']",3,2,2,1
8,52,4,2023-11-16 00:52:58.107922,4,3,2,4,0,1,0,1,0,0,0,0,0,0,0,1,0,0,0,0,0,0,1,0,0,"['과일', '초콜릿', '향료', '고소함']",3,2,2,1
8,81,4,2023-11-16 00:52:58.112824,3,2,3,3,1,1,0,0,0,0,1,0,0,0,0,1,0,1,0,1,1,0,1,0,0,"['과일', '초콜릿', '향료', '고소함']",3,2,2,1
8,144,4,2023-11-16 00:52:58.115972,4,3,4,2,1,1,0,1,0,0,0,0,0,0,0,1,0,0,0,0,1,0,0,0,0,"['과일', '초콜릿', '향료', '고소함']",3,2,2,1
8,161,4,2023-11-16 00:52:58.119345,4,4,5,4,1,0,1,0,0,0,1,1,0,0,0,0,0,1,0,1,0,0,1,0,0,"['과일', '초콜릿', '향료', '고소함']",3,2,2,1
8,187,5,2023-11-16 00:52:58.123091,4,1,4,2,1,1,0,1,0,0,0,0,0,0,0,1,0,0,0,1,1,0,1,0,0,"['과일', '초콜릿', '향료', '고소함']",3,2,2,1
8,223,2,2023-11-16 00:52:58.126365,4,2,5,2,1,1,0,1,0,0,0,0,0,0,0,1,0,0,0,0,0,0,0,0,0,"['과일', '초콜릿', '향료', '고소함']",3,2,2,1
8,364,1,2023-11-16 00:52:58.130139,5,1,5,3,1,1,0,1,0,0,0,0,0,0,0,1,0,0,0,0,0,0,0,0,0,"['과일', '초콜릿', '향료', '고소함']",3,2,2,1
8,375,5,2023-11-16 00:52:58.133599,5,1,5,4,1,1,0,1,0,0,0,0,0,0,0,1,0,0,0,0,0,0,0,0,0,"['과일', '초콜릿', '향료', '고소함']",3,2,2,1
8,553,1,2023-11-16 00:52:58.139039,3,2,5,3,0,1,0,1,0,0,0,0,0,0,0,1,0,0,0,0,0,0,0,0,0,"['과일', '초콜릿', '향료', '고소함']",3,2,2,1
34,128,2,2023-11-16 06:03:32.244845,2,3,3,2,0,0,1,1,0,0,0,0,0,0,1,0,0,1,0,0,0,0,1,1,0,['고소함'],3,3,3,3
34,99,3,2023-11-16 06:03:32.236371,3,3,4,2,1,1,0,1,0,0,0,0,0,0,1,0,0,1,0,1,0,0,1,1,0,['고소함'],3,3,3,3
34,235,4,2023-11-16 06:03:32.252319,4,1,4,2,0,1,0,1,0,0,0,0,0,0,0,1,0,0,0,0,0,0,0,1,0,['고소함'],3,3,3,3
34,496,2,2023-11-16 06:03:32.262728,5,1,4,4,1,1,0,1,0,0,0,1,0,0,0,0,0,0,0,0,0,0,0,1,0,['고소함'],3,3,3,3
34,70,4,2023-11-16 06:03:32.232679,4,3,3,2,0,1,0,1,0,0,0,0,0,0,1,0,0,0,0,1,1,0,0,1,0,['고소함'],3,3,3,3
34,119,4,2023-11-16 06:03:32.239728,4,1,4,3,1,1,0,1,0,0,0,1,0,0,0,0,0,0,0,1,1,0,1,1,0,['고소함'],3,3,3,3
34,226,2,2023-11-16 06:03:32.248224,3,3,4,1,1,1,0,1,0,0,0,0,0,1,0,0,0,0,0,0,0,0,0,1,0,['고소함'],3,3,3,3
34,458,2,2023-11-16 06:03:32.256008,3,4,4,2,1,0,1,1,0,0,0,0,0,0,1,0,0,1,0,1,0,0,0,1,0,['고소함'],3,3,3,3
34,492,5,2023-11-16 06:03:32.259366,3,3,4,3,1,1,0,1,0,0,0,0,0,0,1,0,0,0,0,0,0,0,0,1,0,['고소함'],3,3,3,3
34,514,4,2023-11-16 06:03:32.265941,3,1,3,1,1,0,1,1,0,0,0,0,0,0,0,1,0,0,0,0,0,0,0,1,0,['고소함'],3,3,3,3
26,516,3,2023-11-16 05:17:04.682675,3,3,3,1,1,0,1,1,0,0,0,0,0,0,0,1,0,0,0,0,0,0,0,0,0,['향료'],3,3,3,3
26,157,3,2023-11-16 05:17:04.667848,4,3,4,2,1,1,0,1,0,0,0,0,0,0,0,1,0,1,0,1,1,1,0,0,0,['향료'],3,3,3,3
26,91,2,2023-11-16 05:17:04.654371,5,1,4,4,1,1,0,1,0,0,0,1,0,0,0,0,0,0,0,0,0,0,0,0,0,['향료'],3,3,3,3
26,257,2,2023-11-16 05:17:04.672669,2,4,3,1,1,1,0,1,0,0,0,0,0,0,1,0,0,0,0,0,0,0,0,0,0,['향료'],3,3,3,3
26,148,2,2023-11-16 05:17:04.659867,4,1,3,4,1,1,0,1,0,0,0,0,0,0,0,1,0,0,0,0,1,0,1,0,0,['향료'],3,3,3,3
26,12,4,2023-11-16 05:17:04.643852,4,3,4,2,1,1,0,0,1,0,0,0,0,0,0,1,0,1,0,0,0,0,1,0,0,['향료'],3,3,3,3
26,33,4,2023-11-16 05:17:04.651002,3,2,4,1,0,0,1,1,0,0,0,0,0,0,0,1,0,0,0,1,1,0,1,0,0,['향료'],3,3,3,3
26,145,3,2023-11-16 05:17:04.657850,4,3,4,2,1,1,0,1,0,0,0,0,0,0,0,1,0,0,0,0,1,0,0,0,0,['향료'],3,3,3,3
26,305,4,2023-11-16 05:17:04.675774,3,2,3,2,1,1,0,1,0,0,0,0,0,0,0,1,0,0,0,0,0,0,0,0,0,['향료'],3,3,3,3
26,446,3,2023-11-16 05:17:04.679385,4,2,4,3,1,1,0,1,0,0,0,0,0,0,0,1,0,0,0,0,0,0,0,0,0,['향료'],3,3,3,3
6,116,3,2023-11-15 12:50:01.487147,5,1,4,3,1,1,0,1,0,0,0,1,0,0,0,0,0,0,0,0,1,0,1,0,0,"['꽃', '과일', '향료']",3,3,3,3
6,194,2,2023-11-15 12:50:01.491656,5,1,4,3,1,1,0,1,0,0,0,0,0,0,0,1,0,0,0,0,0,0,0,0,0,"['꽃', '과일', '향료']",3,3,3,3
6,246,5,2023-11-15 12:50:01.495508,2,4,4,2,1,1,0,1,0,0,0,0,0,1,0,0,0,0,0,0,0,0,0,0,0,"['꽃', '과일', '향료']",3,3,3,3
6,277,2,2023-11-15 12:50:01.499145,2,2,3,1,1,1,0,1,0,0,0,0,0,0,0,1,0,0,0,0,0,0,0,0,0,"['꽃', '과일', '향료']",3,3,3,3
6,329,2,2023-11-15 12:50:01.503664,5,1,5,4,1,1,0,1,0,0,0,0,0,0,0,1,0,0,0,0,0,0,0,0,0,"['꽃', '과일', '향료']",3,3,3,3
6,461,3,2023-11-15 12:50:01.508749,3,2,4,3,1,0,1,1,0,0,0,0,0,0,1,0,0,1,0,1,1,0,0,0,0,"['꽃', '과일', '향료']",3,3,3,3
6,506,2,2023-11-15 12:50:01.512203,4,1,4,3,1,1,0,1,0,0,0,0,0,0,1,0,0,0,0,0,0,0,0,0,0,"['꽃', '과일', '향료']",3,3,3,3
6,515,3,2023-11-15 12:50:01.516046,3,3,3,1,1,0,1,1,0,0,0,0,0,0,0,1,0,0,0,0,0,0,0,0,0,"['꽃', '과일', '향료']",3,3,3,3
6,528,3,2023-11-15 12:50:01.519687,3,3,4,1,1,0,1,1,0,0,0,0,1,0,0,0,0,0,0,0,0,0,0,0,0,"['꽃', '과일', '향료']",3,3,3,3
6,556,2,2023-11-15 12:50:01.523408,5,1,3,4,1,1,0,1,0,0,0,1,0,0,0,0,0,0,0,0,0,0,0,0,0,"['꽃', '과일', '향료']",3,3,3,3
12,116,2,2023-11-16 01:09:48.853075,5,1,4,3,1,1,0,1,0,0,0,1,0,0,0,0,0,0,0,0,1,0,1,0,1,['초콜릿'],3,3,3,3
12,187,4,2023-11-16 01:09:48.862022,4,1,4,2,1,1,0,1,0,0,0,0,0,0,0,1,0,0,0,1,1,0,1,0,1,['초콜릿'],3,3,3,3
12,379,4,2023-11-16 01:09:48.875205,3,4,4,1,1,0,1,1,0,0,0,0,0,1,0,0,0,0,0,0,0,0,0,0,1,['초콜릿'],3,3,3,3
12,51,5,2023-11-16 01:09:48.849372,3,4,5,2,0,1,0,1,0,0,0,0,0,1,0,0,0,1,0,0,0,0,0,0,1,['초콜릿'],3,3,3,3
12,167,3,2023-11-16 01:09:48.856645,5,1,2,4,1,1,0,1,0,0,0,1,0,0,0,0,0,0,0,0,0,0,1,0,1,['초콜릿'],3,3,3,3
12,284,4,2023-11-16 01:09:48.866471,5,1,4,3,1,1,0,1,0,0,0,0,0,0,0,1,0,0,0,0,0,0,0,0,1,['초콜릿'],3,3,3,3
12,338,4,2023-11-16 01:09:48.869955,4,4,4,2,0,0,1,0,1,0,0,0,0,0,1,0,0,0,0,0,0,0,0,0,1,['초콜릿'],3,3,3,3
12,378,3,2023-11-16 01:09:48.871611,3,3,3,2,1,0,1,1,0,0,0,0,0,1,0,0,0,0,0,0,0,0,0,0,1,['초콜릿'],3,3,3,3
12,459,4,2023-11-16 01:09:48.878528,3,3,4,3,1,0,1,1,0,0,0,0,0,0,1,0,0,1,0,1,0,0,1,0,1,['초콜릿'],3,3,3,3
12,512,3,2023-11-16 01:09:48.881816,3,2,3,3,1,1,0,1,0,0,0,0,0,0,0,1,0,0,0,0,0,0,0,0,1,['초콜릿'],3,3,3,3
23,246,4,2023-11-16 03:37:21.722150,2,4,4,2,1,1,0,1,0,0,0,0,0,1,0,0,0,0,0,0,0,0,0,1,0,"['꽃', '과일']",3,2,3,1
23,342,3,2023-11-16 03:37:21.726147,3,4,4,1,1,0,1,1,0,0,0,0,0,1,0,0,0,0,0,0,0,0,0,1,0,"['꽃', '과일']",3,2,3,1
23,468,3,2023-11-16 03:28:02.745328,4,1,3,2,1,1,0,1,0,0,0,1,0,0,0,0,0,0,0,0,0,0,0,1,0,"['꽃', '과일']",3,2,3,1
23,267,3,2023-11-16 03:28:02.729945,4,3,4,3,1,1,0,0,1,0,0,0,0,0,0,1,0,0,0,0,0,0,0,1,0,"['꽃', '과일']",3,2,3,1
23,174,3,2023-11-16 03:28:02.721882,2,2,3,1,0,1,0,1,0,0,0,0,1,0,0,0,0,0,1,1,0,0,0,1,0,"['꽃', '과일']",3,2,3,1
23,37,5,2023-11-16 03:28:02.705384,3,3,4,3,1,1,0,1,0,0,0,0,0,0,1,0,0,1,0,0,0,0,1,1,0,"['꽃', '과일']",3,2,3,1
23,131,4,2023-11-16 03:28:02.715126,4,2,4,3,0,0,1,1,0,0,0,0,0,0,0,1,0,0,0,1,1,0,0,1,0,"['꽃', '과일']",3,2,3,1
23,23,4,2023-11-16 03:37:21.710949,4,2,5,3,1,1,0,0,0,0,1,0,0,0,0,1,0,0,0,0,1,0,1,1,0,"['꽃', '과일']",3,2,3,1
23,138,3,2023-11-16 03:37:21.717194,4,1,3,2,1,1,0,1,0,0,0,0,0,0,0,1,0,1,0,0,1,0,1,1,0,"['꽃', '과일']",3,2,3,1
23,411,3,2023-11-16 03:37:21.731205,3,3,3,2,1,1,0,0,0,0,1,0,0,0,0,1,0,0,0,0,0,0,0,1,0,"['꽃', '과일']",3,2,3,1
24,246,3,2023-11-16 04:25:30.147408,2,4,4,2,1,1,0,1,0,0,0,0,0,1,0,0,0,0,0,0,0,0,0,0,0,"['과일', '초콜릿', '고소함']",3,3,2,3
24,329,3,2023-11-16 03:39:09.115401,5,1,5,4,1,1,0,1,0,0,0,0,0,0,0,1,0,0,0,0,0,0,0,0,0,"['과일', '초콜릿', '고소함']",3,3,2,3
24,184,3,2023-11-16 03:39:09.105292,2,3,5,1,1,0,1,1,0,0,0,0,1,0,0,0,0,1,0,1,0,0,0,0,0,"['과일', '초콜릿', '고소함']",3,3,2,3
24,404,3,2023-11-16 03:39:09.118162,3,2,4,3,1,1,0,1,0,0,0,0,0,0,1,0,0,0,0,0,0,0,0,0,0,"['과일', '초콜릿', '고소함']",3,3,2,3
24,267,3,2023-11-16 03:39:09.109465,4,3,4,3,1,1,0,0,1,0,0,0,0,0,0,1,0,0,0,0,0,0,0,0,0,"['과일', '초콜릿', '고소함']",3,3,2,3
24,475,4,2023-11-16 04:25:30.157460,5,1,3,4,1,1,0,0,0,0,1,1,0,0,0,0,0,0,0,0,0,0,0,0,0,"['과일', '초콜릿', '고소함']",3,3,2,3
24,283,5,2023-11-16 04:25:30.154247,4,1,4,2,1,1,0,1,0,0,0,0,0,0,1,0,0,0,0,0,0,0,0,0,0,"['과일', '초콜릿', '고소함']",3,3,2,3
24,549,3,2023-11-16 03:39:09.123530,5,1,4,3,1,1,0,1,0,0,0,0,0,0,0,1,0,0,0,0,0,0,0,0,0,"['과일', '초콜릿', '고소함']",3,3,2,3
24,179,3,2023-11-16 03:39:09.102450,2,3,4,2,1,1,0,0,1,0,0,0,0,0,1,0,0,1,0,1,0,1,1,0,0,"['과일', '초콜릿', '고소함']",3,3,2,3
24,207,5,2023-11-16 03:39:09.106712,4,1,5,5,1,1,0,1,0,0,0,0,0,0,0,1,0,0,0,0,0,0,0,0,0,"['과일', '초콜릿', '고소함']",3,3,2,3
24,304,3,2023-11-16 03:39:09.110959,4,1,3,3,1,1,0,1,0,0,0,1,0,0,0,0,0,0,0,0,0,0,0,0,0,"['과일', '초콜릿', '고소함']",3,3,2,3
24,318,3,2023-11-16 03:39:09.113893,3,4,4,2,0,0,1,0,0,0,1,0,0,0,1,0,0,0,0,0,0,0,0,0,0,"['과일', '초콜릿', '고소함']",3,3,2,3
24,413,3,2023-11-16 03:39:09.119925,3,3,3,2,0,0,1,0,0,0,1,0,0,0,0,1,0,0,0,0,0,0,0,0,0,"['과일', '초콜릿', '고소함']",3,3,2,3
24,38,4,2023-11-16 04:25:30.130760,2,4,4,2,1,1,0,1,0,0,0,0,0,1,0,0,0,1,1,1,0,0,0,0,0,"['과일', '초콜릿', '고소함']",3,3,2,3
24,94,5,2023-11-16 04:25:30.139379,5,1,3,5,1,1,0,0,0,1,0,0,0,0,0,1,0,0,0,0,0,0,0,0,0,"['과일', '초콜릿', '고소함']",3,3,2,3
24,135,4,2023-11-16 04:25:30.142601,2,3,4,2,0,0,1,1,0,0,0,0,0,0,0,1,0,0,0,1,0,1,1,0,0,"['과일', '초콜릿', '고소함']",3,3,2,3
24,213,2,2023-11-16 04:25:30.145838,3,2,4,1,1,1,0,0,1,0,0,0,0,0,0,1,0,0,0,0,0,0,0,0,0,"['과일', '초콜릿', '고소함']",3,3,2,3
24,256,4,2023-11-16 04:25:30.150938,5,3,4,4,1,1,0,1,0,0,0,1,0,0,0,0,0,0,0,0,0,0,0,0,0,"['과일', '초콜릿', '고소함']",3,3,2,3
24,296,4,2023-11-16 04:25:30.155932,3,2,3,1,1,1,0,1,0,0,0,0,0,0,1,0,0,0,0,0,0,0,0,0,0,"['과일', '초콜릿', '고소함']",3,3,2,3
24,547,4,2023-11-16 04:25:30.159931,3,1,4,3,0,0,1,1,0,0,0,0,0,0,0,1,0,0,0,0,0,0,0,0,0,"['과일', '초콜릿', '고소함']",3,3,2,3
25,329,3,2023-11-16 03:38:53.930628,5,1,5,4,1,1,0,1,0,0,0,0,0,0,0,1,0,0,0,0,0,0,0,1,1,['꽃'],3,2,2,2
25,184,3,2023-11-16 03:38:53.915285,2,3,5,1,1,0,1,1,0,0,0,0,1,0,0,0,0,1,0,1,0,0,0,1,1,['꽃'],3,2,2,2
25,404,3,2023-11-16 03:38:53.934148,3,2,4,3,1,1,0,1,0,0,0,0,0,0,1,0,0,0,0,0,0,0,0,1,1,['꽃'],3,2,2,2
25,267,3,2023-11-16 03:38:53.922012,4,3,4,3,1,1,0,0,1,0,0,0,0,0,0,1,0,0,0,0,0,0,0,1,1,['꽃'],3,2,2,2
25,549,3,2023-11-16 03:38:53.939215,5,1,4,3,1,1,0,1,0,0,0,0,0,0,0,1,0,0,0,0,0,0,0,1,1,['꽃'],3,2,2,2
25,179,3,2023-11-16 03:38:53.911464,2,3,4,2,1,1,0,0,1,0,0,0,0,0,1,0,0,1,0,1,0,1,1,1,1,['꽃'],3,2,2,2
25,207,5,2023-11-16 03:38:53.918740,4,1,5,5,1,1,0,1,0,0,0,0,0,0,0,1,0,0,0,0,0,0,0,1,1,['꽃'],3,2,2,2
25,304,3,2023-11-16 03:38:53.923686,4,1,3,3,1,1,0,1,0,0,0,1,0,0,0,0,0,0,0,0,0,0,0,1,1,['꽃'],3,2,2,2
25,318,3,2023-11-16 03:38:53.927141,3,4,4,2,0,0,1,0,0,0,1,0,0,0,1,0,0,0,0,0,0,0,0,1,1,['꽃'],3,2,2,2
25,413,3,2023-11-16 03:38:53.935870,3,3,3,2,0,0,1,0,0,0,1,0,0,0,0,1,0,0,0,0,0,0,0,1,1,['꽃'],3,2,2,2
36,144,2,2023-11-16 07:08:04.424882,4,3,4,2,1,1,0,1,0,0,0,0,0,0,0,1,0,0,0,0,1,0,0,0,0,['초콜릿'],5,1,5,5
36,538,2,2023-11-16 07:08:04.456507,3,3,3,2,1,0,1,0,0,0,1,0,0,0,1,0,0,0,0,0,0,0,0,0,0,['초콜릿'],5,1,5,5
36,54,4,2023-11-16 07:08:04.417590,3,3,4,2,1,1,0,1,0,0,0,0,0,0,1,0,0,0,0,1,0,0,0,0,0,['초콜릿'],5,1,5,5
36,470,4,2023-11-16 07:08:04.438656,3,4,4,1,1,0,1,1,0,0,0,0,1,0,0,0,0,0,0,0,0,0,0,0,0,['초콜릿'],5,1,5,5
36,283,2,2023-11-16 07:08:04.428315,4,1,4,2,1,1,0,1,0,0,0,0,0,0,1,0,0,0,0,0,0,0,0,0,0,['초콜릿'],5,1,5,5
36,67,1,2023-11-16 07:08:04.421386,3,4,4,1,1,1,0,1,0,0,0,0,0,0,1,0,0,1,0,0,0,0,1,0,0,['초콜릿'],5,1,5,5
36,327,4,2023-11-16 07:08:04.431764,1,4,4,1,1,1,0,1,0,0,0,0,0,1,0,0,0,0,0,0,0,0,0,0,0,['초콜릿'],5,1,5,5
36,370,2,2023-11-16 07:08:04.435200,3,3,5,1,1,0,1,1,0,0,0,0,0,1,0,0,0,0,0,0,0,0,0,0,0,['초콜릿'],5,1,5,5
36,521,2,2023-11-16 07:08:04.442035,4,1,4,3,1,1,0,1,0,0,0,0,0,0,0,1,0,0,0,0,0,0,0,0,0,['초콜릿'],5,1,5,5
36,532,2,2023-11-16 07:08:04.451046,3,2,3,1,1,0,1,1,0,0,0,0,1,0,0,0,0,0,0,0,0,0,0,0,0,['초콜릿'],5,1,5,5
35,223,2,2023-11-16 06:53:46.931823,4,2,5,2,1,1,0,1,0,0,0,0,0,0,0,1,0,0,0,0,0,0,0,0,0,"['달콤함', '고소함']",3,2,3,2
35,65,3,2023-11-16 06:53:46.917208,3,4,3,2,1,0,1,1,0,0,0,0,0,0,1,0,1,1,0,0,0,0,0,0,0,"['달콤함', '고소함']",3,2,3,2
35,221,4,2023-11-16 06:53:46.928421,3,4,5,3,1,1,0,1,0,0,0,0,0,0,1,0,0,0,0,0,0,0,0,0,0,"['달콤함', '고소함']",3,2,3,2
35,55,5,2023-11-16 06:53:46.910804,4,2,4,4,1,1,0,1,0,0,0,0,0,0,0,1,0,0,0,1,0,0,1,0,0,"['달콤함', '고소함']",3,2,3,2
35,86,4,2023-11-16 06:53:46.920458,5,1,5,4,1,1,0,1,0,0,0,1,0,0,0,0,0,0,0,0,0,0,1,0,0,"['달콤함', '고소함']",3,2,3,2
35,98,2,2023-11-16 06:53:46.925002,4,1,3,4,0,0,1,1,0,0,0,1,0,0,0,0,0,0,0,1,1,0,1,0,0,"['달콤함', '고소함']",3,2,3,2
35,282,4,2023-11-16 06:53:46.935107,4,3,4,3,0,0,1,0,0,0,1,1,0,0,0,0,0,0,0,0,0,0,0,0,0,"['달콤함', '고소함']",3,2,3,2
35,367,2,2023-11-16 06:53:46.938406,4,1,4,3,0,1,0,1,0,0,0,1,0,0,0,0,0,0,0,0,0,0,0,0,0,"['달콤함', '고소함']",3,2,3,2
35,418,3,2023-11-16 06:53:46.941779,4,1,4,2,1,0,1,0,0,0,1,0,0,1,0,0,0,0,0,0,0,0,0,0,0,"['달콤함', '고소함']",3,2,3,2
35,527,2,2023-11-16 06:53:46.943486,3,3,4,1,1,0,1,1,0,0,0,0,1,0,0,0,0,0,0,0,0,0,0,0,0,"['달콤함', '고소함']",3,2,3,2
33,99,5,2023-11-16 05:59:21.800013,3,3,4,2,1,1,0,1,0,0,0,0,0,0,1,0,0,1,0,1,0,0,1,0,1,"['꽃', '과일', '초콜릿', '달콤함']",2,3,3,3
33,379,1,2023-11-16 05:59:21.824569,3,4,4,1,1,0,1,1,0,0,0,0,0,1,0,0,0,0,0,0,0,0,0,0,1,"['꽃', '과일', '초콜릿', '달콤함']",2,3,3,3
33,191,1,2023-11-16 05:59:21.805467,3,2,5,3,0,1,0,1,0,0,0,0,0,0,0,1,0,0,0,0,0,0,0,0,1,"['꽃', '과일', '초콜릿', '달콤함']",2,3,3,3
33,501,5,2023-11-16 05:59:21.828267,4,2,4,3,1,1,0,1,0,0,0,0,0,0,1,0,0,1,0,1,1,0,1,0,1,"['꽃', '과일', '초콜릿', '달콤함']",2,3,3,3
33,39,5,2023-11-16 05:59:21.786321,3,2,4,1,1,1,0,1,0,0,0,0,0,0,1,0,0,1,0,1,0,1,0,0,1,"['꽃', '과일', '초콜릿', '달콤함']",2,3,3,3
33,50,1,2023-11-16 05:59:21.793893,3,3,3,2,1,1,0,1,0,0,0,0,0,0,0,1,0,1,1,0,1,0,0,0,1,"['꽃', '과일', '초콜릿', '달콤함']",2,3,3,3
33,217,5,2023-11-16 05:59:21.812613,4,2,4,3,1,1,0,1,0,0,0,0,0,0,0,1,0,0,0,0,0,0,0,0,1,"['꽃', '과일', '초콜릿', '달콤함']",2,3,3,3
33,263,5,2023-11-16 05:59:21.816589,5,1,4,3,1,1,0,0,1,0,0,0,0,0,0,1,0,0,0,0,0,0,0,0,1,"['꽃', '과일', '초콜릿', '달콤함']",2,3,3,3
33,293,5,2023-11-16 05:59:21.820025,3,3,4,3,0,0,1,0,1,0,0,0,0,0,0,1,0,0,0,0,0,0,0,0,1,"['꽃', '과일', '초콜릿', '달콤함']",2,3,3,3
33,539,1,2023-11-16 05:59:21.831835,4,3,4,3,1,1,0,0,1,0,0,0,0,0,1,0,0,0,0,0,0,0,0,0,1,"['꽃', '과일', '초콜릿', '달콤함']",2,3,3,3
20,62,5,2023-11-16 02:06:22.692698,5,3,5,1,1,0,1,1,0,0,0,0,0,0,0,1,0,1,0,0,0,0,1,1,1,"['꽃', '초콜릿', '향료', '달콤함']",4,4,5,3
20,219,3,2023-11-16 02:06:22.701641,3,4,4,1,1,1,0,1,0,0,0,0,0,1,0,0,0,0,0,0,0,0,0,1,1,"['꽃', '초콜릿', '향료', '달콤함']",4,4,5,3
20,238,5,2023-11-16 02:06:22.706233,4,2,4,4,1,1,0,1,0,0,0,0,0,0,0,1,0,0,0,0,0,0,0,1,1,"['꽃', '초콜릿', '향료', '달콤함']",4,4,5,3
20,44,5,2023-11-16 02:06:22.689074,4,3,5,3,1,1,0,0,0,0,1,1,0,0,0,0,0,1,0,0,0,0,1,1,1,"['꽃', '초콜릿', '향료', '달콤함']",4,4,5,3
20,174,2,2023-11-16 02:06:22.695546,2,2,3,1,0,1,0,1,0,0,0,0,1,0,0,0,0,0,1,1,0,0,0,1,1,"['꽃', '초콜릿', '향료', '달콤함']",4,4,5,3
20,198,3,2023-11-16 02:06:22.698737,2,2,4,1,1,1,0,1,0,0,0,0,0,0,1,0,0,0,0,0,0,0,0,1,1,"['꽃', '초콜릿', '향료', '달콤함']",4,4,5,3
20,234,5,2023-11-16 02:06:22.703154,4,2,5,2,1,0,1,1,0,0,0,0,0,0,0,1,0,0,0,0,0,0,0,1,1,"['꽃', '초콜릿', '향료', '달콤함']",4,4,5,3
20,257,2,2023-11-16 02:06:22.709390,2,4,3,1,1,1,0,1,0,0,0,0,0,0,1,0,0,0,0,0,0,0,0,1,1,"['꽃', '초콜릿', '향료', '달콤함']",4,4,5,3
20,478,2,2023-11-16 02:06:22.711120,3,4,3,1,1,0,1,0,1,0,0,0,1,0,0,0,0,0,0,0,0,0,0,1,1,"['꽃', '초콜릿', '향료', '달콤함']",4,4,5,3
20,519,5,2023-11-16 02:06:22.714492,4,2,5,2,1,1,0,1,0,0,0,0,0,0,0,1,0,0,0,0,0,0,0,1,1,"['꽃', '초콜릿', '향료', '달콤함']",4,4,5,3
15,355,1,2023-11-16 01:48:42.427119,3,2,4,3,0,1,0,1,0,0,0,0,0,0,1,0,0,0,0,0,0,0,0,0,1,['고소함'],3,1,1,3
15,54,3,2023-11-16 01:48:42.404870,3,3,4,2,1,1,0,1,0,0,0,0,0,0,1,0,0,0,0,1,0,0,0,0,1,['고소함'],3,1,1,3
15,91,2,2023-11-16 01:48:42.408741,5,1,4,4,1,1,0,1,0,0,0,1,0,0,0,0,0,0,0,0,0,0,0,0,1,['고소함'],3,1,1,3
15,121,4,2023-11-16 01:48:42.412218,3,3,3,2,1,1,0,0,1,0,0,0,0,0,1,0,0,1,0,1,0,0,0,0,1,['고소함'],3,1,1,3
15,219,1,2023-11-16 01:48:42.419088,3,4,4,1,1,1,0,1,0,0,0,0,0,1,0,0,0,0,0,0,0,0,0,0,1,['고소함'],3,1,1,3
15,264,3,2023-11-16 01:48:42.422893,4,4,4,3,1,1,0,0,1,0,0,0,0,1,0,0,0,0,0,0,0,0,0,0,1,['고소함'],3,1,1,3
15,457,4,2023-11-16 01:48:42.431138,4,3,4,4,0,1,0,1,0,0,0,1,0,0,0,0,0,0,0,0,0,0,0,0,1,['고소함'],3,1,1,3
15,496,4,2023-11-16 01:48:42.440750,5,1,4,4,1,1,0,1,0,0,0,1,0,0,0,0,0,0,0,0,0,0,0,0,1,['고소함'],3,1,1,3
15,544,4,2023-11-16 01:48:42.447341,3,4,4,1,1,1,0,1,0,0,0,0,0,1,0,0,0,0,0,0,0,0,0,0,1,['고소함'],3,1,1,3
15,550,4,2023-11-16 01:48:42.453796,3,3,3,3,1,0,1,1,0,0,0,0,0,1,0,0,0,0,0,0,0,0,0,0,1,['고소함'],3,1,1,3
19,429,3,2023-11-16 02:05:49.735767,3,4,4,2,1,0,1,1,0,0,0,0,0,1,0,0,0,0,0,0,0,0,0,0,1,['고소함'],5,2,2,4
19,70,4,2023-11-16 02:05:49.712228,4,3,3,2,0,1,0,1,0,0,0,0,0,0,1,0,0,0,0,1,1,0,0,0,1,['고소함'],5,2,2,4
19,229,3,2023-11-16 02:05:49.715840,3,2,4,2,1,1,0,1,0,0,0,0,0,0,0,1,0,0,0,0,0,0,0,0,1,['고소함'],5,2,2,4
19,238,2,2023-11-16 02:05:49.719309,4,2,4,4,1,1,0,1,0,0,0,0,0,0,0,1,0,0,0,0,0,0,0,0,1,['고소함'],5,2,2,4
19,307,4,2023-11-16 02:05:49.723408,4,1,3,2,1,1,0,1,0,0,0,0,0,0,0,1,0,0,0,0,0,0,0,0,1,['고소함'],5,2,2,4
19,354,2,2023-11-16 02:05:49.726758,3,4,3,2,0,1,0,1,0,0,0,0,0,0,1,0,0,0,0,0,0,0,0,0,1,['고소함'],5,2,2,4
19,358,3,2023-11-16 02:05:49.730435,3,3,4,2,1,0,1,1,0,0,0,0,0,0,1,0,0,0,0,0,0,0,0,0,1,['고소함'],5,2,2,4
19,394,2,2023-11-16 02:05:49.733961,3,4,4,3,1,0,1,1,0,0,0,0,0,1,0,0,0,0,0,0,0,0,0,0,1,['고소함'],5,2,2,4
19,470,3,2023-11-16 02:05:49.739615,3,4,4,1,1,0,1,1,0,0,0,0,1,0,0,0,0,0,0,0,0,0,0,0,1,['고소함'],5,2,2,4
19,555,4,2023-11-16 02:05:49.745517,4,2,4,2,1,1,0,1,0,0,0,0,0,0,0,1,0,0,0,0,0,0,0,0,1,['고소함'],5,2,2,4
16,459,1,2023-11-16 01:52:17.249760,3,3,4,3,1,0,1,1,0,0,0,0,0,0,1,0,0,1,0,1,0,0,1,1,0,"['과일', '초콜릿', '달콤함']",2,1,5,4
16,551,4,2023-11-16 01:52:17.251548,3,3,3,3,1,0,1,1,0,0,0,0,0,1,0,0,0,0,0,0,0,0,0,1,0,"['과일', '초콜릿', '달콤함']",2,1,5,4
16,54,2,2023-11-16 01:52:17.229927,3,3,4,2,1,1,0,1,0,0,0,0,0,0,1,0,0,0,0,1,0,0,0,1,0,"['과일', '초콜릿', '달콤함']",2,1,5,4
16,4,4,2023-11-16 01:52:17.222190,2,4,4,2,1,1,0,1,0,0,0,0,0,1,0,0,0,1,0,1,0,0,1,1,0,"['과일', '초콜릿', '달콤함']",2,1,5,4
16,9,1,2023-11-16 01:52:17.225840,4,1,5,4,1,1,0,1,0,0,0,1,0,0,0,0,0,1,0,1,0,0,1,1,0,"['과일', '초콜릿', '달콤함']",2,1,5,4
16,164,5,2023-11-16 01:52:17.231689,3,2,4,2,1,1,0,1,0,0,0,0,0,0,1,0,0,1,0,1,1,0,0,1,0,"['과일', '초콜릿', '달콤함']",2,1,5,4
16,200,4,2023-11-16 01:52:17.235215,2,2,4,1,1,0,1,1,0,0,0,0,0,0,1,0,0,0,0,0,0,0,0,1,0,"['과일', '초콜릿', '달콤함']",2,1,5,4
16,268,1,2023-11-16 01:52:17.238412,2,3,5,2,1,0,1,1,0,0,0,0,0,0,1,0,0,0,0,0,0,0,0,1,0,"['과일', '초콜릿', '달콤함']",2,1,5,4
16,270,5,2023-11-16 01:52:17.242079,3,3,4,1,0,0,1,1,0,0,0,0,0,0,1,0,0,0,0,0,0,0,0,1,0,"['과일', '초콜릿', '달콤함']",2,1,5,4
16,369,2,2023-11-16 01:52:17.245740,4,1,4,4,1,1,0,0,0,1,0,1,0,0,0,0,0,0,0,0,0,0,0,1,0,"['과일', '초콜릿', '달콤함']",2,1,5,4
44,459,1,2023-11-16 19:43:03.546535,3,3,4,3,1,0,1,1,0,0,0,0,0,0,1,0,0,1,0,1,0,0,1,0,0,"['초콜릿', '고소함']",5,1,1,5
44,173,5,2023-11-16 19:43:03.528649,5,1,4,2,1,1,0,1,0,0,0,1,0,0,0,0,0,0,0,0,1,0,1,0,0,"['초콜릿', '고소함']",5,1,1,5
44,471,1,2023-11-16 19:43:03.550015,4,3,3,3,1,0,1,0,0,0,1,0,0,0,1,0,0,0,0,0,0,0,0,0,0,"['초콜릿', '고소함']",5,1,1,5
44,24,1,2023-11-16 19:43:03.519562,3,4,4,2,1,1,0,0,0,0,1,0,0,0,1,0,0,1,0,1,0,0,0,0,0,"['초콜릿', '고소함']",5,1,1,5
44,129,5,2023-11-16 19:43:03.525200,3,2,3,3,0,0,1,1,0,0,0,0,0,0,1,0,0,0,1,1,1,0,0,0,0,"['초콜릿', '고소함']",5,1,1,5
44,322,1,2023-11-16 19:43:03.532496,3,4,5,1,1,0,1,0,0,1,0,0,0,1,0,0,0,0,0,0,0,0,0,0,0,"['초콜릿', '고소함']",5,1,1,5
44,343,1,2023-11-16 19:43:03.536084,3,4,4,1,1,0,1,1,0,0,0,0,1,0,0,0,0,0,0,0,0,0,0,0,0,"['초콜릿', '고소함']",5,1,1,5
44,417,1,2023-11-16 19:43:03.539636,3,4,5,1,1,1,0,1,0,0,0,0,0,1,0,0,0,1,0,0,0,1,0,0,0,"['초콜릿', '고소함']",5,1,1,5
44,444,1,2023-11-16 19:43:03.543125,2,4,4,1,1,1,0,1,0,0,0,0,0,1,0,0,0,0,0,0,0,0,0,0,0,"['초콜릿', '고소함']",5,1,1,5
44,533,1,2023-11-16 19:43:03.554358,4,5,5,1,1,0,1,1,0,0,0,0,1,0,0,0,0,0,0,0,0,0,0,0,0,"['초콜릿', '고소함']",5,1,1,5
39,112,4,2023-11-16 09:00:25.113007,5,2,3,2,1,1,0,1,0,0,0,0,0,0,0,1,0,1,0,1,0,1,1,1,0,"['초콜릿', '향료', '달콤함', '고소함']",2,1,5,5
39,229,4,2023-11-16 09:00:25.120648,3,2,4,2,1,1,0,1,0,0,0,0,0,0,0,1,0,0,0,0,0,0,0,1,0,"['초콜릿', '향료', '달콤함', '고소함']",2,1,5,5
39,426,5,2023-11-16 09:00:25.138546,3,4,4,2,1,0,1,1,0,0,0,0,1,0,0,0,0,0,0,0,0,0,0,1,0,"['초콜릿', '향료', '달콤함', '고소함']",2,1,5,5
39,296,5,2023-11-16 09:00:25.129000,3,2,3,1,1,1,0,1,0,0,0,0,0,0,1,0,0,0,0,0,0,0,0,1,0,"['초콜릿', '향료', '달콤함', '고소함']",2,1,5,5
39,240,4,2023-11-16 09:00:25.124991,4,2,4,3,1,1,0,1,0,0,0,0,0,0,0,1,0,0,0,0,0,0,0,1,0,"['초콜릿', '향료', '달콤함', '고소함']",2,1,5,5
39,98,2,2023-11-16 09:00:25.108745,4,1,3,4,0,0,1,1,0,0,0,1,0,0,0,0,0,0,0,1,1,0,1,1,0,"['초콜릿', '향료', '달콤함', '고소함']",2,1,5,5
39,1,5,2023-11-16 09:00:25.104626,4,2,4,1,1,1,0,0,1,0,0,0,0,0,0,1,0,1,0,0,1,0,1,1,0,"['초콜릿', '향료', '달콤함', '고소함']",2,1,5,5
39,132,4,2023-11-16 09:00:25.116933,4,2,4,3,1,1,0,1,0,0,0,1,0,0,0,0,0,0,0,0,1,0,1,1,0,"['초콜릿', '향료', '달콤함', '고소함']",2,1,5,5
39,353,3,2023-11-16 09:00:25.134331,4,1,3,4,1,1,0,1,0,0,0,0,0,0,0,1,0,0,0,0,0,0,0,1,0,"['초콜릿', '향료', '달콤함', '고소함']",2,1,5,5
39,552,5,2023-11-16 09:00:25.142157,3,4,4,2,1,0,1,1,0,0,0,0,0,1,0,0,0,0,0,0,0,0,0,1,0,"['초콜릿', '향료', '달콤함', '고소함']",2,1,5,5
37,229,2,2023-11-16 07:38:12.523826,3,2,4,2,1,1,0,1,0,0,0,0,0,0,0,1,0,0,0,0,0,0,0,1,0,"['초콜릿', '고소함', '허브']",3,2,1,5
37,217,2,2023-11-16 07:38:12.518581,4,2,4,3,1,1,0,1,0,0,0,0,0,0,0,1,0,0,0,0,0,0,0,1,0,"['초콜릿', '고소함', '허브']",3,2,1,5
37,30,2,2023-11-16 07:38:12.501477,3,3,3,2,1,1,0,1,0,0,0,0,0,0,1,0,0,1,0,0,0,0,1,1,0,"['초콜릿', '고소함', '허브']",3,2,1,5
37,71,5,2023-11-16 07:38:12.507751,5,1,5,4,1,1,0,0,0,0,1,1,0,0,0,0,0,0,0,0,1,0,1,1,0,"['초콜릿', '고소함', '허브']",3,2,1,5
37,78,5,2023-11-16 07:38:12.511087,4,1,4,3,1,1,0,1,0,0,0,0,0,0,0,1,0,0,0,1,1,0,1,1,0,"['초콜릿', '고소함', '허브']",3,2,1,5
37,96,4,2023-11-16 07:38:12.514481,5,1,4,4,1,1,0,1,0,0,0,1,0,0,0,0,0,0,0,0,1,0,1,1,0,"['초콜릿', '고소함', '허브']",3,2,1,5
37,218,3,2023-11-16 07:38:12.522002,4,1,4,3,1,1,0,1,0,0,0,0,0,0,1,0,0,0,0,0,0,0,0,1,0,"['초콜릿', '고소함', '허브']",3,2,1,5
37,236,1,2023-11-16 07:38:12.527460,2,4,4,2,1,1,0,1,0,0,0,0,0,0,1,0,0,0,0,0,0,0,0,1,0,"['초콜릿', '고소함', '허브']",3,2,1,5
37,319,2,2023-11-16 07:38:12.531086,2,4,4,2,1,0,1,1,0,0,0,0,0,1,0,0,0,0,0,0,0,0,0,1,0,"['초콜릿', '고소함', '허브']",3,2,1,5
37,488,3,2023-11-16 07:38:12.534627,3,2,3,2,0,0,1,0,1,0,0,0,0,0,0,1,0,0,0,0,0,0,0,1,0,"['초콜릿', '고소함', '허브']",3,2,1,5
