coffeeid,body,sour,sweet,bitter,caf,blend,single,지속가능성_0,지속가능성_공정무역,지속가능성_유기농,지속가능성_직접무역,로스팅 포인트_다크,로스팅 포인트_라이트,로스팅 포인트_라이트미디엄,로스팅 포인트_미디엄,로스팅 포인트_미디엄다크,꽃,과일,허브,달콤함,고소함,향료,초콜릿
0,2,3,5,1,1,1,0,0,1,0,0,0,0,0,1,0,0,1,0,0,0,0,1
1,4,2,4,1,1,1,0,0,1,0,0,0,0,0,0,1,0,1,0,0,1,0,1
2,4,2,4,3,1,1,0,1,0,0,0,0,0,0,0,1,0,0,0,0,0,0,0
3,4,4,5,2,1,0,1,0,0,0,1,0,0,1,0,0,0,0,0,0,0,0,1
4,2,4,4,2,1,1,0,1,0,0,0,0,0,1,0,0,0,1,0,1,0,0,1
5,3,3,4,3,1,1,0,1,0,0,0,0,0,0,0,1,0,1,0,1,0,0,1
6,3,1,4,3,1,1,0,1,0,0,0,0,0,0,0,1,0,0,0,0,1,0,1
7,4,2,4,3,1,1,0,1,0,0,0,0,0,0,0,1,0,0,0,0,1,0,1
8,3,4,4,2,1,1,0,1,0,0,0,0,0,0,1,0,1,1,0,0,0,0,0
9,4,1,5,4,1,1,0,1,0,0,0,1,0,0,0,0,0,1,0,1,0,0,1
10,3,3,4,1,1,1,0,1,0,0,0,0,0,0,1,0,0,1,0,1,0,0,0
11,4,1,3,4,1,1,0,0,1,0,0,1,0,0,0,0,0,0,0,1,1,0,1
12,4,3,4,2,1,1,0,0,1,0,0,0,0,0,0,1,0,1,0,0,0,0,1
13,4,3,4,3,1,1,0,1,0,0,0,0,0,0,1,0,0,1,0,0,0,0,1
14,4,1,4,3,0,1,0,1,0,0,0,0,0,0,0,1,0,0,0,0,0,0,0
15,4,2,5,3,1,1,0,1,0,0,0,0,0,0,0,1,0,1,0,0,0,0,1
16,3,3,4,1,1,1,0,1,0,0,0,0,0,0,1,0,1,1,1,0,0,0,0
17,4,2,4,3,1,1,0,1,0,0,0,0,0,0,0,1,0,0,0,1,0,1,0
18,4,2,4,3,0,0,1,1,0,0,0,0,0,0,0,1,0,1,0,0,1,0,1
19,4,2,4,3,1,1,0,1,0,0,0,0,0,0,0,1,0,0,0,1,0,0,1
20,5,1,4,4,1,1,0,1,0,0,0,1,0,0,0,0,0,1,0,1,0,0,1
21,3,4,4,2,1,1,0,1,0,0,0,0,0,0,1,0,1,1,0,1,0,0,0
22,3,3,4,1,1,1,0,1,0,0,0,0,0,0,1,0,1,1,0,1,1,0,0
23,4,2,5,3,1,1,0,0,0,0,1,0,0,0,0,1,0,0,0,0,1,0,1
24,3,4,4,2,1,1,0,0,0,0,1,0,0,0,1,0,0,1,0,1,0,0,0
25,3,4,4,1,1,0,1,0,0,0,1,0,1,0,0,0,0,1,0,0,0,0,0
26,3,4,5,1,1,1,0,1,0,0,0,0,0,0,0,1,0,1,0,1,0,0,0
27,4,2,4,3,0,0,1,1,0,0,0,1,0,0,0,0,0,1,0,1,0,0,1
28,3,3,5,1,1,1,0,1,0,0,0,0,1,0,0,0,0,1,0,1,0,1,0
29,3,1,3,3,1,1,0,1,0,0,0,0,0,0,0,1,0,0,0,0,1,0,0
30,3,3,3,2,1,1,0,1,0,0,0,0,0,0,1,0,0,1,0,0,0,0,1
31,4,1,4,3,1,1,0,1,0,0,0,1,0,0,0,0,0,0,0,1,1,0,0
32,4,2,3,1,1,1,0,1,0,0,0,1,0,0,0,0,0,0,0,0,0,0,1
33,3,2,4,1,0,0,1,1,0,0,0,0,0,0,0,1,0,0,0,1,1,0,1
34,4,1,4,1,1,1,0,1,0,0,0,0,0,0,0,1,0,0,0,1,0,0,1
35,4,1,4,3,1,1,0,1,0,0,0,0,0,0,0,1,0,0,0,1,1,0,0
36,4,2,5,4,1,1,0,1,0,0,0,1,0,0,0,0,0,1,0,0,0,0,1
37,3,3,4,3,1,1,0,1,0,0,0,0,0,0,1,0,0,1,0,0,0,0,1
38,2,4,4,2,1,1,0,1,0,0,0,0,0,1,0,0,0,1,1,1,0,0,0
39,3,2,4,1,1,1,0,1,0,0,0,0,0,0,1,0,0,1,0,1,0,1,0
40,2,4,4,1,1,1,0,1,0,0,0,0,1,0,0,0,0,1,0,1,0,0,0
41,4,2,4,3,0,1,0,1,0,0,0,0,0,0,0,1,0,0,0,0,0,0,0
42,3,4,5,2,1,1,0,0,0,0,1,0,0,0,1,0,0,1,0,0,1,1,0
43,4,4,5,1,1,1,0,0,0,0,1,0,0,0,1,0,0,1,0,0,1,1,1
44,4,3,5,3,1,1,0,0,0,0,1,1,0,0,0,0,0,1,0,0,0,0,1
45,4,3,4,4,1,1,0,0,0,0,1,1,0,0,0,0,0,1,0,1,1,1,1
46,3,1,4,3,0,0,1,1,0,0,0,1,0,0,0,0,0,1,0,1,0,0,1
47,3,2,4,2,0,0,1,1,0,0,0,0,0,0,1,0,0,0,0,0,1,0,1
48,3,3,4,2,0,0,1,1,0,0,0,0,0,0,0,1,0,0,0,0,0,0,1
49,3,1,4,2,1,1,0,1,0,0,0,0,0,0,0,1,0,0,0,1,1,0,1
50,3,3,3,2,1,1,0,1,0,0,0,0,0,0,0,1,0,1,1,0,1,0,0
51,3,4,5,2,0,1,0,1,0,0,0,0,0,1,0,0,0,1,0,0,0,0,0
52,4,3,2,4,0,1,0,1,0,0,0,0,0,0,0,1,0,0,0,0,0,0,1
53,5,2,3,4,0,1,0,1,0,0,0,1,0,0,0,0,0,0,0,0,0,1,0
54,3,3,4,2,1,1,0,1,0,0,0,0,0,0,1,0,0,0,0,1,0,0,0
55,4,2,4,4,1,1,0,1,0,0,0,0,0,0,0,1,0,0,0,1,0,0,1
56,5,1,5,4,1,1,0,1,0,0,0,0,0,0,0,1,0,1,0,1,1,0,1
57,4,4,5,3,1,1,0,1,0,0,0,0,0,0,0,1,0,1,0,0,1,0,0
58,3,4,3,2,1,1,0,1,0,0,0,0,0,1,0,0,0,1,0,0,1,0,0
59,4,2,4,3,1,1,0,1,0,0,0,0,0,0,0,1,0,0,0,0,1,0,1
60,3,3,4,2,1,1,0,0,0,0,1,1,0,0,0,0,0,0,0,1,0,0,1
61,3,3,4,2,1,1,0,0,0,0,1,1,0,0,0,0,0,1,1,1,0,0,0
62,5,3,5,1,1,0,1,1,0,0,0,0,0,0,0,1,0,1,0,0,0,0,1
63,3,3,5,1,1,1,0,1,0,0,0,0,0,0,1,0,0,0,0,0,0,0,0
64,5,1,5,1,1,1,0,1,0,0,0,1,0,0,0,0,0,0,0,0,0,0,1
65,3,4,3,2,1,0,1,1,0,0,0,0,0,0,1,0,1,1,0,0,0,0,0
66,4,1,4,4,0,0,1,1,0,0,0,1,0,0,0,0,0,0,0,0,0,0,1
67,3,4,4,1,1,1,0,1,0,0,0,0,0,0,1,0,0,1,0,0,0,0,1
68,4,2,4,3,1,1,0,1,0,0,0,0,0,0,0,1,0,0,0,0,1,1,1
69,4,1,4,3,1,1,0,1,0,0,0,1,0,0,0,0,0,0,0,1,0,0,1
70,4,3,3,2,0,1,0,1,0,0,0,0,0,0,1,0,0,0,0,1,1,0,0
71,5,1,5,4,1,1,0,0,0,0,1,1,0,0,0,0,0,0,0,0,1,0,1
72,4,2,5,3,1,1,0,0,0,0,1,0,0,0,0,1,0,0,0,0,1,0,1
73,3,4,4,1,1,1,0,0,0,0,1,0,0,1,0,0,0,1,0,1,0,0,0
74,3,1,3,4,1,1,0,0,0,0,1,1,0,0,0,0,0,1,0,1,0,0,1
75,4,1,5,3,1,0,1,0,0,0,1,0,0,0,0,1,0,0,0,1,1,1,1
76,5,4,5,2,1,1,0,0,0,0,1,0,0,0,1,0,1,1,0,0,0,0,0
77,4,4,4,2,1,0,1,0,0,0,1,0,1,0,0,0,1,1,0,1,0,0,0
78,4,1,4,3,1,1,0,1,0,0,0,0,0,0,0,1,0,0,0,1,1,0,1
79,1,3,4,1,1,1,0,1,0,0,0,0,0,1,0,0,1,1,0,1,0,0,0
80,3,1,3,2,1,1,0,1,0,0,0,0,0,0,1,0,0,1,0,1,1,0,1
81,3,2,3,3,1,1,0,0,0,0,1,0,0,0,0,1,0,1,0,1,1,0,1
82,2,3,2,1,1,0,1,0,0,0,1,0,0,0,1,0,0,1,0,0,0,0,0
83,4,3,4,1,1,0,1,0,0,0,1,0,0,0,1,0,0,1,0,0,0,0,1
84,4,1,3,4,0,1,0,0,0,0,1,1,0,0,0,0,0,0,0,1,1,0,1
85,4,1,4,4,1,1,0,1,0,0,0,0,0,0,0,1,0,0,0,0,0,0,1
86,5,1,5,4,1,1,0,1,0,0,0,1,0,0,0,0,0,0,0,0,0,0,1
87,4,1,4,2,1,1,0,1,0,0,0,1,0,0,0,0,0,0,0,1,1,0,1
88,4,2,5,3,1,1,0,0,1,0,0,0,0,0,1,0,0,0,0,0,0,0,1
89,4,1,3,4,1,1,0,0,0,1,0,0,0,0,1,0,0,0,0,0,0,0,1
90,3,3,4,1,1,1,0,1,0,0,0,0,0,0,1,0,0,0,0,0,0,0,0
91,5,1,4,4,1,1,0,1,0,0,0,1,0,0,0,0,0,0,0,0,0,0,0
92,4,4,5,1,1,1,0,1,0,0,0,0,0,0,1,0,0,1,0,0,1,0,0
93,5,3,4,2,1,1,0,1,0,0,0,0,0,0,0,1,0,1,0,0,1,0,1
94,5,1,3,5,1,1,0,0,0,1,0,0,0,0,0,1,0,0,0,0,0,0,0
95,4,3,4,1,1,1,0,0,0,1,0,0,0,0,1,0,0,0,0,0,0,0,0
96,5,1,4,4,1,1,0,1,0,0,0,1,0,0,0,0,0,0,0,0,1,0,1
97,3,4,4,2,1,1,0,1,0,0,0,0,0,0,0,1,0,1,1,1,1,0,0
98,4,1,3,4,0,0,1,1,0,0,0,1,0,0,0,0,0,0,0,1,1,0,1
99,3,3,4,2,1,1,0,1,0,0,0,0,0,0,1,0,0,1,0,1,0,0,1
100,2,3,4,1,1,1,0,1,0,0,0,0,0,0,1,0,0,1,0,1,0,0,1
101,5,1,5,1,1,1,0,1,0,0,0,0,0,0,0,1,0,1,0,0,0,0,1
102,3,3,4,1,1,1,0,1,0,0,0,0,0,0,1,0,0,1,0,0,0,0,1
103,3,2,3,1,1,1,0,1,0,0,0,0,0,0,1,0,0,1,0,1,1,1,0
104,2,3,5,1,0,1,0,1,0,0,0,0,0,0,1,0,0,1,0,1,0,1,0
105,4,2,4,4,1,1,0,1,0,0,0,0,0,0,0,1,0,1,0,1,1,0,1
106,4,3,4,2,0,0,1,1,0,0,0,0,0,0,0,1,0,1,0,0,1,0,1
107,5,1,4,4,1,1,0,1,0,0,0,1,0,0,0,0,0,0,0,0,0,0,0
108,3,4,3,1,1,1,0,1,0,0,0,0,0,1,0,0,0,1,0,0,0,0,0
109,4,2,4,1,1,1,0,1,0,0,0,0,0,0,0,1,0,0,0,1,1,0,1
110,5,1,4,2,1,1,0,1,0,0,0,1,0,0,0,0,0,0,0,0,1,1,1
111,2,4,3,1,1,1,0,1,0,0,0,0,0,1,0,0,0,1,0,0,1,0,0
112,5,2,3,2,1,1,0,1,0,0,0,0,0,0,0,1,0,1,0,1,0,1,1
113,4,2,3,1,1,1,0,1,0,0,0,0,0,0,0,1,0,1,0,0,1,0,0
114,3,2,4,2,0,0,1,0,0,0,1,0,0,0,0,1,0,0,0,0,0,0,0
115,4,3,5,1,1,1,0,0,0,0,1,0,0,0,1,0,0,1,0,0,1,0,1
116,5,1,4,3,1,1,0,1,0,0,0,1,0,0,0,0,0,0,0,0,1,0,1
117,3,2,4,2,1,1,0,1,0,0,0,0,0,0,0,1,0,1,1,1,0,0,0
118,4,1,5,4,0,1,0,1,0,0,0,1,0,0,0,0,0,0,0,0,0,1,1
119,4,1,4,3,1,1,0,1,0,0,0,1,0,0,0,0,0,0,0,1,1,0,1
120,3,3,2,4,1,1,0,0,0,0,1,0,0,0,0,1,0,1,0,1,0,0,1
121,3,3,3,2,1,1,0,0,1,0,0,0,0,0,1,0,0,1,0,1,0,0,0
122,3,3,4,3,0,0,1,1,0,0,0,0,0,0,0,1,0,1,0,1,0,0,1
123,3,3,4,2,0,0,1,1,0,0,0,0,0,0,0,1,0,1,0,0,0,0,1
124,3,2,4,2,1,1,0,1,0,0,0,0,0,0,0,1,0,0,0,1,0,0,1
125,4,4,5,2,1,1,0,1,0,0,0,0,0,0,1,0,1,1,0,1,1,0,0
126,3,2,4,3,1,1,0,1,0,0,0,0,0,0,0,1,0,1,0,0,1,0,1
127,2,2,3,2,0,0,1,1,0,0,0,0,0,0,1,0,0,1,0,0,1,0,0
128,2,3,3,2,0,0,1,1,0,0,0,0,0,0,1,0,0,1,0,0,0,0,1
129,3,2,3,3,0,0,1,1,0,0,0,0,0,0,1,0,0,0,1,1,1,0,0
130,2,2,3,2,0,1,0,1,0,0,0,0,0,0,1,0,0,1,0,1,1,0,0
131,4,2,4,3,0,0,1,1,0,0,0,0,0,0,0,1,0,0,0,1,1,0,0
132,4,2,4,3,1,1,0,1,0,0,0,1,0,0,0,0,0,0,0,0,1,0,1
133,5,1,5,4,1,0,1,1,0,0,0,1,0,0,0,0,0,0,0,0,0,0,0
134,2,3,3,1,1,1,0,1,0,0,0,0,0,0,1,0,0,1,1,1,0,0,1
135,2,3,4,2,0,0,1,1,0,0,0,0,0,0,0,1,0,0,0,1,0,1,1
136,4,1,4,3,1,1,0,1,0,0,0,1,0,0,0,0,0,0,0,0,1,1,1
137,4,3,3,2,1,1,0,1,0,0,0,0,0,0,0,1,0,1,1,0,1,0,1
138,4,1,3,2,1,1,0,1,0,0,0,0,0,0,0,1,0,1,0,0,1,0,1
139,2,4,4,2,0,1,0,1,0,0,0,0,0,0,0,1,0,1,1,1,0,0,1
140,3,3,4,2,1,1,0,0,0,0,1,0,0,0,0,1,0,1,0,1,0,0,0
141,2,4,4,1,1,1,0,1,0,0,0,0,0,1,0,0,0,1,0,1,0,0,0
142,5,2,5,3,1,1,0,1,0,0,0,0,0,0,0,1,0,0,0,1,0,0,1
143,5,1,4,4,1,1,0,1,0,0,0,1,0,0,0,0,0,0,0,0,1,0,1
144,4,3,4,2,1,1,0,1,0,0,0,0,0,0,0,1,0,0,0,0,1,0,0
145,4,3,4,2,1,1,0,1,0,0,0,0,0,0,0,1,0,0,0,0,1,0,0
146,4,3,4,2,1,1,0,1,0,0,0,0,0,0,0,1,0,0,0,0,0,0,1
147,4,3,4,2,1,1,0,1,0,0,0,0,0,0,0,1,0,1,0,0,0,0,0
148,4,1,3,4,1,1,0,1,0,0,0,0,0,0,0,1,0,0,0,0,1,0,1
149,3,1,3,4,1,1,0,1,0,0,0,0,0,0,0,1,0,0,0,1,1,0,0
150,4,1,3,3,1,1,0,1,0,0,0,0,0,0,0,1,0,1,0,0,1,0,1
151,3,3,4,2,1,1,0,1,0,0,0,0,0,0,1,0,0,1,1,0,0,0,0
152,3,2,3,2,1,1,0,1,0,0,0,0,0,0,0,1,0,0,0,1,0,0,1
153,4,1,4,1,1,1,0,1,0,0,0,0,0,0,0,1,0,0,0,1,0,0,1
154,3,4,5,1,1,1,0,1,0,0,0,0,1,0,0,0,1,1,0,0,0,0,0
155,4,2,4,2,1,1,0,1,0,0,0,0,0,0,1,0,0,1,0,1,0,0,1
156,4,3,4,2,0,0,1,1,0,0,0,0,0,0,0,1,0,1,0,1,1,0,1
157,4,3,4,2,1,1,0,1,0,0,0,0,0,0,0,1,0,1,0,1,1,1,0
158,5,1,5,3,1,1,0,1,0,0,0,0,0,0,0,1,0,0,0,0,1,1,1
159,4,1,4,4,1,1,0,1,0,0,0,1,0,0,0,0,0,0,0,1,1,0,1
160,4,2,5,3,1,1,0,1,0,0,0,0,0,0,0,1,0,1,0,1,1,0,1
161,4,4,5,4,1,0,1,0,0,0,1,1,0,0,0,0,0,1,0,1,0,0,1
162,5,4,5,3,1,0,1,0,0,0,1,0,0,0,1,0,0,1,1,0,0,0,1
163,5,1,4,4,1,1,0,0,0,0,1,1,0,0,0,0,0,0,0,1,0,0,1
164,3,2,4,2,1,1,0,1,0,0,0,0,0,0,1,0,0,1,0,1,1,0,0
165,3,3,3,2,1,1,0,1,0,0,0,0,0,0,1,0,1,1,0,0,0,0,0
166,4,2,4,4,1,1,0,1,0,0,0,0,0,0,0,1,0,0,0,0,1,0,1
167,5,1,2,4,1,1,0,1,0,0,0,1,0,0,0,0,0,0,0,0,0,0,1
168,3,4,4,1,1,0,1,1,0,0,0,0,1,0,0,0,0,1,0,1,0,0,0
169,5,1,4,4,1,1,0,1,0,0,0,1,0,0,0,0,0,0,0,0,1,1,1
170,4,3,4,2,1,1,0,1,0,0,0,0,0,0,0,1,0,0,0,1,0,0,1
171,5,1,4,2,1,1,0,1,0,0,0,1,0,0,0,0,0,0,0,1,1,0,0
172,4,3,4,2,1,1,0,1,0,0,0,0,0,0,0,1,0,0,0,0,1,0,1
173,5,1,4,2,1,1,0,1,0,0,0,1,0,0,0,0,0,0,0,0,1,0,1
174,2,2,3,1,0,1,0,1,0,0,0,0,1,0,0,0,0,0,1,1,0,0,0
175,3,1,4,2,0,1,0,1,0,0,0,1,0,0,0,0,0,0,0,1,1,0,1
176,3,4,4,1,1,1,0,1,0,0,0,0,0,1,0,0,0,1,0,1,0,0,0
177,2,3,4,2,1,1,0,1,0,0,0,0,0,1,0,0,1,1,0,0,0,0,0
178,4,1,4,2,0,0,1,1,0,0,0,0,0,0,0,1,0,0,0,0,1,0,0
179,2,3,4,2,1,1,0,0,1,0,0,0,0,0,1,0,0,1,0,1,0,1,1
180,4,2,5,2,1,0,1,0,1,0,0,0,0,0,1,0,0,1,0,1,1,0,0
181,4,1,5,2,0,0,1,0,1,0,0,0,0,0,0,1,0,1,0,1,0,0,0
182,3,3,4,3,0,0,1,1,0,0,0,0,0,1,0,0,0,0,1,1,0,0,1
183,3,4,3,1,1,0,1,1,0,0,0,0,0,1,0,0,1,1,0,1,0,0,0
184,2,3,5,1,1,0,1,1,0,0,0,0,1,0,0,0,0,1,0,1,0,0,0
185,3,4,4,1,1,0,1,1,0,0,0,0,0,1,0,0,1,1,0,1,0,0,0
186,3,1,3,2,0,0,1,1,0,0,0,0,0,0,0,1,0,1,0,1,1,0,1
187,4,1,4,2,1,1,0,1,0,0,0,0,0,0,0,1,0,0,0,1,1,0,1
188,3,4,5,1,1,0,1,1,0,0,0,0,0,0,0,1,0,1,0,0,0,0,1
189,3,3,3,3,1,1,0,1,0,0,0,0,0,0,1,0,0,0,0,0,0,0,0
190,4,2,4,4,1,1,0,1,0,0,0,0,0,0,0,1,0,0,0,0,0,0,0
191,3,2,5,3,0,1,0,1,0,0,0,0,0,0,0,1,0,0,0,0,0,0,0
192,2,4,3,1,1,0,1,1,0,0,0,0,1,0,0,0,0,0,0,0,0,0,0
193,2,3,5,1,1,0,1,1,0,0,0,0,1,0,0,0,0,0,0,0,0,0,0
194,5,1,4,3,1,1,0,1,0,0,0,0,0,0,0,1,0,0,0,0,0,0,0
195,3,1,2,4,1,1,0,1,0,0,0,1,0,0,0,0,0,0,0,0,0,0,0
196,4,1,3,5,1,1,0,1,0,0,0,1,0,0,0,0,0,0,0,0,0,0,0
197,4,1,5,2,1,1,0,1,0,0,0,0,0,0,0,1,0,0,0,0,0,0,0
198,2,2,4,1,1,1,0,1,0,0,0,0,0,0,1,0,0,0,0,0,0,0,0
199,1,4,4,1,1,0,1,1,0,0,0,0,1,0,0,0,0,0,0,0,0,0,0
200,2,2,4,1,1,0,1,1,0,0,0,0,0,0,1,0,0,0,0,0,0,0,0
201,1,4,4,1,1,0,1,1,0,0,0,0,1,0,0,0,0,0,0,0,0,0,0
202,2,4,3,2,1,1,0,1,0,0,0,0,0,1,0,0,0,0,0,0,0,0,0
203,4,1,4,3,1,1,0,1,0,0,0,0,0,0,0,1,0,0,0,0,0,0,0
204,4,2,4,3,0,0,1,1,0,0,0,0,0,0,0,1,0,0,0,0,0,0,0
205,5,2,4,3,1,1,0,1,0,0,0,0,0,0,0,1,0,0,0,0,0,0,0
206,3,2,4,2,0,0,1,1,0,0,0,0,0,0,0,1,0,0,0,0,0,0,0
207,4,1,5,5,1,1,0,1,0,0,0,0,0,0,0,1,0,0,0,0,0,0,0
208,4,3,5,2,1,1,0,1,0,0,0,0,0,0,1,0,0,0,0,0,0,0,0
209,4,3,4,2,1,0,1,1,0,0,0,0,0,0,0,1,0,0,0,0,0,0,0
210,4,3,4,1,1,1,0,0,1,0,0,0,0,0,1,0,0,0,0,0,0,0,0
211,5,1,5,4,1,1,0,1,0,0,0,1,0,0,0,0,0,0,0,0,0,0,0
212,3,2,4,2,1,1,0,1,0,0,0,0,0,0,1,0,0,0,0,0,0,0,0
213,3,2,4,1,1,1,0,0,1,0,0,0,0,0,0,1,0,0,0,0,0,0,0
214,3,4,4,1,1,1,0,1,0,0,0,0,0,1,0,0,0,0,0,0,0,0,0
215,4,1,5,2,1,1,0,0,1,0,0,1,0,0,0,0,0,0,0,0,0,0,0
216,3,3,4,1,1,1,0,0,1,0,0,0,0,0,0,1,0,0,0,0,0,0,0
217,4,2,4,3,1,1,0,1,0,0,0,0,0,0,0,1,0,0,0,0,0,0,0
218,4,1,4,3,1,1,0,1,0,0,0,0,0,0,1,0,0,0,0,0,0,0,0
219,3,4,4,1,1,1,0,1,0,0,0,0,0,1,0,0,0,0,0,0,0,0,0
220,3,4,4,1,1,0,1,1,0,0,0,0,0,1,0,0,0,0,0,0,0,0,0
221,3,4,5,3,1,1,0,1,0,0,0,0,0,0,1,0,0,0,0,0,0,0,0
222,3,4,4,3,1,1,0,1,0,0,0,0,0,0,1,0,0,0,0,0,0,0,0
223,4,2,5,2,1,1,0,1,0,0,0,0,0,0,0,1,0,0,0,0,0,0,0
224,5,1,5,2,1,1,0,1,0,0,0,0,0,0,1,0,0,0,0,0,0,0,0
225,5,1,4,4,1,1,0,1,0,0,0,1,0,0,0,0,0,0,0,0,0,0,0
226,3,3,4,1,1,1,0,1,0,0,0,0,0,1,0,0,0,0,0,0,0,0,0
227,4,2,4,2,1,1,0,1,0,0,0,0,0,0,0,1,0,0,0,0,0,0,0
228,4,1,4,2,1,1,0,1,0,0,0,1,0,0,0,0,0,0,0,0,0,0,0
229,3,2,4,2,1,1,0,1,0,0,0,0,0,0,0,1,0,0,0,0,0,0,0
230,4,1,4,2,1,1,0,1,0,0,0,1,0,0,0,0,0,0,0,0,0,0,0
231,5,1,3,4,1,1,0,1,0,0,0,0,0,0,0,1,0,0,0,0,0,0,0
232,5,1,5,4,1,1,0,1,0,0,0,1,0,0,0,0,0,0,0,0,0,0,0
233,5,1,5,2,1,1,0,1,0,0,0,0,0,0,0,1,0,0,0,0,0,0,0
234,4,2,5,2,1,0,1,1,0,0,0,0,0,0,0,1,0,0,0,0,0,0,0
235,4,1,4,2,0,1,0,1,0,0,0,0,0,0,0,1,0,0,0,0,0,0,0
236,2,4,4,2,1,1,0,1,0,0,0,0,0,0,1,0,0,0,0,0,0,0,0
237,4,2,4,4,1,1,0,1,0,0,0,0,0,0,0,1,0,0,0,0,0,0,0
238,4,2,4,4,1,1,0,1,0,0,0,0,0,0,0,1,0,0,0,0,0,0,0
239,3,2,4,4,1,1,0,1,0,0,0,0,0,0,0,1,0,0,0,0,0,0,0
240,4,2,4,3,1,1,0,1,0,0,0,0,0,0,0,1,0,0,0,0,0,0,0
241,3,3,3,3,0,0,1,1,0,0,0,0,0,0,0,1,0,0,0,0,0,0,0
242,2,3,4,2,1,0,1,1,0,0,0,0,0,0,1,0,0,0,0,0,0,0,0
243,3,3,5,2,1,1,0,1,0,0,0,0,0,0,1,0,0,0,0,0,0,0,0
244,3,2,4,2,1,1,0,1,0,0,0,0,0,0,0,1,0,0,0,0,0,0,0
245,4,2,4,2,1,1,0,1,0,0,0,0,0,0,0,1,0,0,0,0,0,0,0
246,2,4,4,2,1,1,0,1,0,0,0,0,0,1,0,0,0,0,0,0,0,0,0
247,4,3,4,2,0,1,0,1,0,0,0,0,0,0,0,1,0,0,0,0,0,0,0
248,3,2,4,2,1,1,0,1,0,0,0,0,0,0,0,1,0,0,0,0,0,0,0
249,3,3,5,2,1,1,0,1,0,0,0,0,0,0,1,0,0,0,0,0,0,0,0
250,2,4,5,2,1,1,0,1,0,0,0,0,0,1,0,0,0,0,0,0,0,0,0
251,3,1,5,2,0,1,0,1,0,0,0,0,0,0,0,1,0,0,0,0,0,0,0
252,2,4,4,1,1,1,0,1,0,0,0,0,0,0,1,0,0,0,0,0,0,0,0
253,3,3,5,2,1,1,0,1,0,0,0,0,0,0,0,1,0,0,0,0,0,0,0
254,4,2,5,3,1,1,0,1,0,0,0,1,0,0,0,0,0,0,0,0,0,0,0
255,4,2,3,2,1,1,0,1,0,0,0,0,0,0,0,1,0,0,0,0,0,0,0
256,5,3,4,4,1,1,0,1,0,0,0,1,0,0,0,0,0,0,0,0,0,0,0
257,2,4,3,1,1,1,0,1,0,0,0,0,0,0,1,0,0,0,0,0,0,0,0
258,4,3,4,2,1,0,1,1,0,0,0,0,0,0,1,0,0,0,0,0,0,0,0
259,4,2,4,1,1,0,1,1,0,0,0,0,0,0,0,1,0,0,0,0,0,0,0
260,4,1,4,3,0,0,1,1,0,0,0,1,0,0,0,0,0,0,0,0,0,0,0
261,5,1,4,4,1,1,0,0,1,0,0,1,0,0,0,0,0,0,0,0,0,0,0
262,4,1,3,1,1,1,0,0,1,0,0,0,0,0,0,1,0,0,0,0,0,0,0
263,5,1,4,3,1,1,0,0,1,0,0,0,0,0,0,1,0,0,0,0,0,0,0
264,4,4,4,3,1,1,0,0,1,0,0,0,0,1,0,0,0,0,0,0,0,0,0
265,4,3,5,2,1,1,0,0,0,1,0,0,0,0,0,1,0,0,0,0,0,0,0
266,4,1,4,4,1,1,0,0,1,0,0,1,0,0,0,0,0,0,0,0,0,0,0
267,4,3,4,3,1,1,0,0,1,0,0,0,0,0,0,1,0,0,0,0,0,0,0
268,2,3,5,2,1,0,1,1,0,0,0,0,0,0,1,0,0,0,0,0,0,0,0
269,2,3,4,3,1,0,1,1,0,0,0,0,0,0,1,0,0,0,0,0,0,0,0
270,3,3,4,1,0,0,1,1,0,0,0,0,0,0,1,0,0,0,0,0,0,0,0
271,4,1,4,2,1,1,0,1,0,0,0,0,0,0,0,1,0,0,0,0,0,0,0
272,2,4,3,1,1,1,0,1,0,0,0,0,0,0,1,0,0,0,0,0,0,0,0
273,5,1,4,3,1,1,0,1,0,0,0,1,0,0,0,0,0,0,0,0,0,0,0
274,3,1,3,2,0,0,1,1,0,0,0,0,0,0,0,1,0,0,0,0,0,0,0
275,4,1,4,3,1,1,0,1,0,0,0,1,0,0,0,0,0,0,0,0,0,0,0
276,3,2,3,2,1,1,0,1,0,0,0,0,0,0,0,1,0,0,0,0,0,0,0
277,2,2,3,1,1,1,0,1,0,0,0,0,0,0,0,1,0,0,0,0,0,0,0
278,2,3,2,1,1,0,1,1,0,0,0,0,0,0,1,0,0,0,0,0,0,0,0
279,3,2,4,2,1,1,0,1,0,0,0,1,0,0,0,0,0,0,0,0,0,0,0
280,4,1,4,4,1,0,1,0,1,0,0,1,0,0,0,0,0,0,0,0,0,0,0
281,2,2,4,3,1,1,0,1,0,0,0,0,0,0,0,1,0,0,0,0,0,0,0
282,4,3,4,3,0,0,1,0,0,0,1,1,0,0,0,0,0,0,0,0,0,0,0
283,4,1,4,2,1,1,0,1,0,0,0,0,0,0,1,0,0,0,0,0,0,0,0
284,5,1,4,3,1,1,0,1,0,0,0,0,0,0,0,1,0,0,0,0,0,0,0
285,3,2,5,2,1,1,0,1,0,0,0,0,0,0,1,0,0,0,0,0,0,0,0
286,2,2,4,1,1,1,0,1,0,0,0,0,0,1,0,0,0,0,0,0,0,0,0
287,2,2,4,2,1,0,1,1,0,0,0,0,0,0,1,0,0,0,0,0,0,0,0
288,1,3,3,1,1,0,1,0,0,0,1,0,0,1,0,0,0,0,0,0,0,0,0
289,3,1,3,2,0,0,1,1,0,0,0,0,0,0,1,0,0,0,0,0,0,0,0
290,3,1,4,2,1,0,1,1,0,0,0,0,0,0,0,1,0,0,0,0,0,0,0
291,4,1,4,3,1,1,0,0,0,0,1,1,0,0,0,0,0,0,0,0,0,0,0
292,3,2,4,3,1,1,0,1,0,0,0,0,0,0,1,0,0,0,0,0,0,0,0
293,3,3,4,3,0,0,1,0,1,0,0,0,0,0,0,1,0,0,0,0,0,0,0
294,3,2,4,2,0,0,1,1,0,0,0,0,0,0,0,1,0,0,0,0,0,0,0
295,4,2,4,2,1,1,0,1,0,0,0,0,0,0,0,1,0,0,0,0,1,0,0
296,3,2,3,1,1,1,0,1,0,0,0,0,0,0,1,0,0,0,0,0,0,0,0
297,4,1,5,1,1,1,0,1,0,0,0,0,0,0,0,1,0,0,0,0,0,0,0
298,3,4,4,1,1,1,0,1,0,0,0,0,0,1,0,0,0,0,0,0,0,0,0
299,3,1,4,2,0,1,0,1,0,0,0,0,0,0,0,1,0,0,0,0,0,0,0
300,4,1,4,3,1,1,0,1,0,0,0,1,0,0,0,0,0,0,0,0,0,0,0
301,4,2,4,2,1,1,0,0,0,1,0,0,0,0,0,1,0,0,0,0,0,0,0
302,2,4,3,1,1,1,0,1,0,0,0,0,0,1,0,0,0,0,0,0,0,0,0
303,3,4,4,2,1,1,0,1,0,0,0,0,0,0,1,0,0,0,0,0,0,0,0
304,4,1,3,3,1,1,0,1,0,0,0,1,0,0,0,0,0,0,0,0,0,0,0
305,3,2,3,2,1,1,0,1,0,0,0,0,0,0,0,1,0,0,0,0,0,0,0
306,4,1,3,2,0,0,1,1,0,0,0,0,0,0,0,1,0,0,0,0,0,0,0
307,4,1,3,2,1,1,0,1,0,0,0,0,0,0,0,1,0,0,0,0,0,0,0
308,2,3,3,2,1,1,0,1,0,0,0,0,0,0,1,0,0,0,0,0,0,0,0
309,4,1,4,4,1,1,0,1,0,0,0,1,0,0,0,0,0,0,0,0,0,0,0
310,4,1,5,2,1,1,0,1,0,0,0,0,0,0,1,0,0,0,0,0,0,0,0
311,3,4,4,2,1,1,0,1,0,0,0,0,0,0,1,0,0,0,0,0,0,0,0
312,3,4,4,3,1,1,0,1,0,0,0,0,0,0,1,0,0,0,0,0,0,0,0
313,4,1,5,3,1,1,0,0,1,0,0,0,0,0,0,1,0,0,0,0,0,0,0
314,3,4,5,1,1,1,0,0,1,0,0,0,0,0,1,0,0,0,0,0,0,0,0
315,4,1,5,4,0,0,1,0,1,0,0,0,0,0,0,1,0,0,0,0,0,0,0
316,3,3,4,2,1,1,0,1,0,0,0,0,0,0,0,1,0,0,0,0,0,0,0
317,3,4,5,3,1,0,1,0,0,0,1,0,0,0,0,1,0,0,0,0,0,0,0
318,3,4,4,2,0,0,1,0,0,0,1,0,0,0,1,0,0,0,0,0,0,0,0
319,2,4,4,2,1,0,1,1,0,0,0,0,0,1,0,0,0,0,0,0,0,0,0
320,4,2,4,3,1,1,0,0,0,1,0,0,0,0,1,0,0,0,0,0,0,0,0
321,5,1,4,3,1,1,0,0,0,1,0,0,0,0,0,1,0,0,0,0,0,0,0
322,3,4,5,1,1,0,1,0,0,1,0,0,0,1,0,0,0,0,0,0,0,0,0
323,2,4,4,1,1,0,1,0,0,1,0,0,0,1,0,0,0,0,0,0,0,0,0
324,3,4,5,3,0,0,1,0,0,1,0,0,0,0,1,0,0,0,0,0,0,0,0
325,5,2,3,4,1,1,0,0,0,1,0,0,0,0,0,1,0,0,0,0,0,0,0
326,3,4,4,2,1,1,0,0,0,1,0,0,0,0,1,0,0,0,0,0,0,0,0
327,1,4,4,1,1,1,0,1,0,0,0,0,0,1,0,0,0,0,0,0,0,0,0
328,3,3,5,2,1,0,1,1,0,0,0,0,1,0,0,0,0,0,0,0,0,0,0
329,5,1,5,4,1,1,0,1,0,0,0,0,0,0,0,1,0,0,0,0,0,0,0
330,4,2,4,3,1,1,0,1,0,0,0,0,0,0,0,1,0,0,0,0,0,0,0
331,4,1,3,4,1,1,0,1,0,0,0,1,0,0,0,0,0,0,0,0,0,0,0
332,3,3,4,3,1,1,0,1,0,0,0,0,0,0,1,0,0,0,0,0,0,0,0
333,2,4,3,2,1,1,0,1,0,0,0,0,0,1,0,0,0,0,0,0,0,0,0
334,4,1,4,3,0,1,0,1,0,0,0,0,0,0,0,1,0,0,0,0,0,0,0
335,4,2,4,3,1,1,0,0,1,0,0,0,0,0,0,1,0,0,0,0,0,0,0
336,3,4,4,1,1,1,0,0,1,0,0,0,0,0,1,0,0,0,0,0,0,0,0
337,4,1,5,4,1,1,0,0,1,0,0,1,0,0,0,0,0,0,0,0,0,0,0
338,4,4,4,2,0,0,1,0,1,0,0,0,0,0,1,0,0,0,0,0,0,0,0
339,5,1,4,4,1,1,0,1,0,0,0,1,0,0,0,0,0,0,0,0,0,0,0
340,4,2,4,3,1,1,0,1,0,0,0,0,0,0,0,1,0,0,0,0,0,0,0
341,3,3,4,1,1,1,0,1,0,0,0,0,0,0,0,1,0,0,0,0,0,0,0
342,3,4,4,1,1,0,1,1,0,0,0,0,0,1,0,0,0,0,0,0,0,0,0
343,3,4,4,1,1,0,1,1,0,0,0,0,1,0,0,0,0,0,0,0,0,0,0
344,3,4,4,1,1,0,1,1,0,0,0,0,1,0,0,0,0,0,0,0,0,0,0
345,4,4,3,4,1,1,0,1,0,0,0,0,0,0,1,0,0,0,0,0,0,0,0
346,5,1,5,2,1,1,0,1,0,0,0,1,0,0,0,0,0,0,0,0,0,0,0
347,4,2,4,3,1,1,0,1,0,0,0,0,0,0,1,0,0,0,0,0,0,0,0
348,3,3,3,3,1,1,0,1,0,0,0,0,0,0,0,1,0,0,0,0,0,0,0
349,4,2,3,4,1,1,0,1,0,0,0,0,0,0,0,1,0,0,0,0,0,0,0
350,2,4,2,1,1,1,0,1,0,0,0,0,0,1,0,0,0,0,0,0,0,0,0
351,3,4,3,2,1,1,0,1,0,0,0,0,0,0,1,0,0,0,0,0,0,0,0
352,3,2,4,3,1,1,0,1,0,0,0,0,0,0,1,0,0,0,0,0,0,0,0
353,4,1,3,4,1,1,0,1,0,0,0,0,0,0,0,1,0,0,0,0,0,0,0
354,3,4,3,2,0,1,0,1,0,0,0,0,0,0,1,0,0,0,0,0,0,0,0
355,3,2,4,3,0,1,0,1,0,0,0,0,0,0,1,0,0,0,0,0,0,0,0
356,5,1,3,4,1,1,0,1,0,0,0,0,0,0,0,1,0,0,0,0,0,0,0
357,3,4,4,1,1,0,1,1,0,0,0,0,1,0,0,0,0,0,0,0,0,0,0
358,3,3,4,2,1,0,1,1,0,0,0,0,0,0,1,0,0,0,0,0,0,0,0
359,3,4,4,2,1,0,1,1,0,0,0,0,0,0,1,0,0,0,0,0,0,0,0
360,3,4,4,2,1,0,1,1,0,0,0,0,1,0,0,0,0,0,0,0,0,0,0
361,3,2,4,3,1,0,1,1,0,0,0,0,0,0,1,0,0,0,0,0,0,0,0
362,4,3,5,2,1,1,0,1,0,0,0,0,0,1,0,0,0,0,0,0,0,0,0
363,4,2,5,2,1,1,0,1,0,0,0,0,0,0,1,0,0,0,0,0,0,0,0
364,5,1,5,3,1,1,0,1,0,0,0,0,0,0,0,1,0,0,0,0,0,0,0
365,3,4,2,2,1,1,0,0,0,1,0,0,0,0,0,1,0,0,0,0,0,0,0
366,4,2,4,4,1,1,0,0,0,1,0,1,0,0,0,0,0,0,0,0,0,0,0
367,4,1,4,3,0,1,0,1,0,0,0,1,0,0,0,0,0,0,0,0,0,0,0
368,2,4,4,1,1,1,0,1,0,0,0,0,0,0,1,0,0,0,0,0,0,0,0
369,4,1,4,4,1,1,0,0,0,1,0,1,0,0,0,0,0,0,0,0,0,0,0
370,3,3,5,1,1,0,1,1,0,0,0,0,0,1,0,0,0,0,0,0,0,0,0
371,4,1,4,4,1,1,0,1,0,0,0,0,0,0,0,1,0,0,0,0,0,0,0
372,5,1,3,4,1,1,0,1,0,0,0,1,0,0,0,0,0,0,0,0,0,0,0
373,2,4,3,2,1,1,0,1,0,0,0,0,0,1,0,0,0,0,0,0,0,0,0
374,4,3,5,3,1,1,0,1,0,0,0,0,0,0,1,0,0,0,0,0,0,0,0
375,5,1,5,4,1,1,0,1,0,0,0,0,0,0,0,1,0,0,0,0,0,0,0
376,4,1,4,4,0,0,1,1,0,0,0,0,0,0,0,1,0,0,0,0,0,0,0
377,3,3,4,3,1,0,1,1,0,0,0,0,0,1,0,0,0,0,0,0,0,0,0
378,3,3,3,2,1,0,1,1,0,0,0,0,0,1,0,0,0,0,0,0,0,0,0
379,3,4,4,1,1,0,1,1,0,0,0,0,0,1,0,0,0,0,0,0,0,0,0
380,4,3,4,3,1,0,1,1,0,0,0,0,0,0,0,1,0,0,0,0,0,0,0
381,3,3,4,1,1,0,1,1,0,0,0,0,0,1,0,0,0,0,0,0,0,0,0
382,3,4,4,2,1,0,1,1,0,0,0,0,0,1,0,0,0,0,0,0,0,0,0
383,3,4,4,1,1,0,1,1,0,0,0,0,1,0,0,0,0,0,0,0,0,0,0
384,4,1,4,2,1,0,1,0,0,0,1,0,0,0,1,0,0,0,0,0,0,0,0
385,2,4,5,1,1,0,1,1,0,0,0,0,1,0,0,0,0,0,0,0,0,0,0
386,5,1,3,4,1,1,0,1,0,0,0,1,0,0,0,0,0,0,0,0,0,0,0
387,3,4,4,2,1,0,1,1,0,0,0,0,0,0,1,0,0,0,0,0,0,0,0
388,3,2,4,1,1,1,0,1,0,0,0,0,0,0,0,1,0,0,0,0,0,0,0
389,5,1,5,1,1,1,0,1,0,0,0,0,0,0,0,1,0,0,0,0,0,0,0
390,5,1,5,1,1,1,0,1,0,0,0,0,0,0,0,1,0,0,0,0,0,0,0
391,4,2,5,1,1,1,0,1,0,0,0,0,0,0,0,1,0,0,0,0,0,0,0
392,3,4,3,1,1,0,1,1,0,0,0,0,0,0,1,0,0,0,0,0,0,0,0
393,4,1,4,2,1,0,1,1,0,0,0,0,0,0,0,1,0,0,0,0,0,0,0
394,3,4,4,3,1,0,1,1,0,0,0,0,0,1,0,0,0,0,0,0,0,0,0
395,5,3,5,3,1,0,1,1,0,0,0,0,0,0,0,1,0,0,0,0,0,0,0
396,3,5,5,2,1,0,1,1,0,0,0,0,1,0,0,0,0,0,0,0,0,0,0
397,3,3,4,3,1,0,1,1,0,0,0,0,0,0,0,1,0,0,0,0,0,0,0
398,3,4,4,3,0,0,1,1,0,0,0,0,0,1,0,0,0,0,0,0,0,0,0
399,4,2,4,3,0,0,1,1,0,0,0,0,0,0,0,1,0,0,0,0,0,0,0
400,4,4,4,3,0,0,1,1,0,0,0,0,0,0,0,1,0,0,0,0,0,0,0
401,4,1,4,4,1,1,0,1,0,0,0,0,0,0,0,1,0,0,0,0,0,0,0
402,4,1,3,4,1,1,0,1,0,0,0,0,0,0,0,1,0,0,0,0,0,0,0
403,3,2,3,3,1,1,0,1,0,0,0,0,0,0,1,0,0,0,0,0,0,0,0
404,3,2,4,3,1,1,0,1,0,0,0,0,0,0,1,0,0,0,0,0,0,0,0
405,4,1,4,3,1,1,0,1,0,0,0,0,0,0,0,1,0,0,0,0,0,0,0
406,4,1,4,4,1,1,0,1,0,0,0,0,0,0,0,1,0,0,0,0,0,0,0
407,2,3,3,1,1,0,1,1,0,0,0,0,0,0,1,0,0,0,0,0,0,0,0
408,5,1,5,3,1,1,0,1,0,0,0,1,0,0,0,0,0,0,0,0,0,0,0
409,3,3,4,2,0,1,0,0,0,0,1,0,0,1,0,0,0,0,0,0,0,0,0
410,4,2,3,3,1,1,0,0,0,0,1,0,0,0,0,1,0,0,0,0,0,0,0
411,3,3,3,2,1,1,0,0,0,0,1,0,0,0,0,1,0,0,0,0,0,0,0
412,3,4,3,1,1,1,0,1,0,0,0,0,0,1,0,0,0,0,0,0,0,0,0
413,3,3,3,2,0,0,1,0,0,0,1,0,0,0,0,1,0,0,0,0,0,0,0
414,4,2,4,2,0,0,1,1,0,0,0,0,0,0,0,1,0,0,0,0,0,0,0
415,4,1,5,4,1,1,0,1,0,0,0,1,0,0,0,0,0,0,0,0,0,0,0
416,3,3,5,2,1,1,0,1,0,0,0,0,0,0,1,0,0,1,0,0,1,0,1
417,3,4,5,1,1,1,0,1,0,0,0,0,0,1,0,0,0,1,0,0,0,1,0
418,4,1,4,2,1,0,1,0,0,0,1,0,0,1,0,0,0,0,0,0,0,0,0
419,4,3,4,2,1,1,0,1,0,0,0,0,0,0,0,1,0,0,0,0,0,0,0
420,3,1,2,3,1,1,0,1,0,0,0,1,0,0,0,0,0,0,0,0,0,0,0
421,4,3,3,2,0,0,1,1,0,0,0,0,0,0,0,1,0,0,0,0,0,0,0
422,4,3,5,4,0,0,1,1,0,0,0,0,0,0,0,1,0,0,0,0,0,0,0
423,4,1,3,3,1,1,0,1,0,0,0,0,0,0,0,1,0,0,0,0,0,0,0
424,4,2,4,2,0,0,1,0,1,0,0,0,0,0,0,1,0,0,0,0,0,0,0
425,3,3,4,2,1,0,1,0,1,0,0,0,0,0,1,0,0,0,0,0,0,0,0
426,3,4,4,2,1,0,1,1,0,0,0,0,1,0,0,0,0,0,0,0,0,0,0
427,3,3,4,2,1,0,1,1,0,0,0,0,0,1,0,0,0,0,0,0,0,0,0
428,3,3,4,3,1,0,1,1,0,0,0,0,0,0,1,0,0,0,0,0,0,0,0
429,3,4,4,2,1,0,1,1,0,0,0,0,0,1,0,0,0,0,0,0,0,0,0
430,4,1,4,3,0,1,0,1,0,0,0,0,0,0,0,1,0,0,0,0,0,0,0
431,4,1,5,5,1,1,0,1,0,0,0,1,0,0,0,0,0,0,0,0,0,0,0
432,4,2,5,2,1,1,0,1,0,0,0,0,0,0,0,1,0,0,0,0,0,0,0
433,4,2,4,3,1,1,0,1,0,0,0,0,0,0,0,1,0,0,0,0,0,0,0
434,5,1,4,4,1,1,0,1,0,0,0,1,0,0,0,0,0,0,0,0,0,0,0
435,3,4,3,1,1,0,1,1,0,0,0,0,0,1,0,0,0,0,0,0,0,0,0
436,3,1,5,3,1,1,0,1,0,0,0,0,0,0,1,0,0,0,0,0,0,0,0
437,3,3,4,3,1,1,0,1,0,0,0,0,0,1,0,0,0,0,0,0,0,0,0
438,3,2,4,3,0,1,0,1,0,0,0,0,0,0,1,0,0,0,0,0,0,0,0
439,3,4,4,1,1,1,0,1,0,0,0,0,0,1,0,0,0,0,0,0,0,0,0
440,4,1,4,3,1,1,0,1,0,0,0,0,0,0,0,1,0,0,0,0,0,0,0
441,2,4,3,1,1,1,0,1,0,0,0,0,0,1,0,0,0,0,0,0,0,0,0
442,3,4,4,2,1,1,0,0,1,0,0,0,1,0,0,0,0,0,0,0,0,0,0
443,3,2,4,1,1,1,0,1,0,0,0,0,0,0,1,0,0,0,0,0,0,0,0
444,2,4,4,1,1,1,0,1,0,0,0,0,0,1,0,0,0,0,0,0,0,0,0
445,3,3,5,3,1,1,0,1,0,0,0,0,0,0,1,0,0,0,0,0,0,0,0
446,4,2,4,3,1,1,0,1,0,0,0,0,0,0,0,1,0,0,0,0,0,0,0
447,3,3,4,3,1,1,0,1,0,0,0,0,0,0,1,0,0,0,0,0,0,0,0
448,5,1,4,4,1,1,0,1,0,0,0,1,0,0,0,0,0,0,0,0,0,0,0
449,2,4,4,1,1,1,0,1,0,0,0,0,0,1,0,0,0,0,0,0,0,0,0
450,3,2,3,3,0,1,0,1,0,0,0,0,0,0,0,1,0,0,0,0,0,0,0
451,3,3,5,1,1,1,0,1,0,0,0,0,0,0,1,0,0,0,0,0,0,0,0
452,4,2,5,1,1,1,0,1,0,0,0,1,0,0,0,0,0,0,0,0,0,0,0
453,5,1,5,2,1,1,0,1,0,0,0,1,0,0,0,0,0,0,0,0,0,0,0
454,4,2,4,2,1,1,0,1,0,0,0,0,0,0,0,1,0,0,0,0,0,0,0
455,3,3,4,3,1,0,1,1,0,0,0,0,0,0,1,0,0,0,0,0,0,0,0
456,4,3,4,3,0,1,0,1,0,0,0,1,0,0,0,0,0,0,0,0,0,0,0
457,4,3,4,4,0,1,0,1,0,0,0,1,0,0,0,0,0,0,0,0,0,0,0
458,3,4,4,2,1,0,1,1,0,0,0,0,0,0,1,0,0,1,0,1,0,0,0
459,3,3,4,3,1,0,1,1,0,0,0,0,0,0,1,0,0,1,0,1,0,0,1
460,4,1,4,4,1,0,1,1,0,0,0,0,0,0,0,1,0,0,0,1,0,1,1
461,3,2,4,3,1,0,1,1,0,0,0,0,0,0,1,0,0,1,0,1,1,0,0
462,3,4,3,2,1,0,1,1,0,0,0,0,0,0,1,0,0,1,0,1,0,1,0
463,3,3,4,2,1,1,0,0,0,0,1,0,0,0,1,0,0,0,0,0,0,0,0
464,4,2,4,3,1,1,0,0,0,0,1,0,0,0,0,1,0,0,0,0,0,0,0
465,3,2,2,3,1,1,0,0,0,0,1,0,0,0,0,1,0,0,0,0,0,0,0
466,3,3,3,2,1,0,1,0,0,0,1,0,0,0,1,0,0,0,0,0,0,0,0
467,4,2,2,3,0,1,0,0,0,0,1,1,0,0,0,0,0,0,0,0,0,0,0
468,4,1,3,2,1,1,0,1,0,0,0,1,0,0,0,0,0,0,0,0,0,0,0
469,4,3,3,2,1,0,1,0,0,0,1,0,0,0,1,0,0,0,0,0,0,0,0
470,3,4,4,1,1,0,1,1,0,0,0,0,1,0,0,0,0,0,0,0,0,0,0
471,4,3,3,3,1,0,1,0,0,0,1,0,0,0,1,0,0,0,0,0,0,0,0
472,4,1,4,3,1,1,0,1,0,0,0,1,0,0,0,0,0,0,0,0,0,0,0
473,3,2,4,3,0,0,1,1,0,0,0,1,0,0,0,0,0,0,0,0,0,0,0
474,4,2,3,4,1,1,0,0,0,0,1,0,0,0,0,1,0,0,0,0,0,0,0
475,5,1,3,4,1,1,0,0,0,0,1,1,0,0,0,0,0,0,0,0,0,0,0
476,2,3,4,2,1,1,0,0,0,0,1,0,0,0,1,0,0,0,0,0,0,0,0
477,3,3,3,2,0,0,1,0,0,0,1,0,0,0,0,1,0,0,0,0,0,0,0
478,3,4,3,1,1,0,1,0,1,0,0,0,1,0,0,0,0,0,0,0,0,0,0
479,4,2,4,3,1,0,1,1,0,0,0,0,0,0,0,1,0,0,0,0,0,0,0
480,2,3,3,1,1,0,1,1,0,0,0,0,1,0,0,0,0,0,0,0,0,0,0
481,1,3,4,1,1,0,1,1,0,0,0,0,1,0,0,0,0,0,0,0,0,0,0
482,3,4,4,2,1,0,1,0,0,0,1,0,0,1,0,0,0,0,0,0,0,0,0
483,2,4,4,1,1,0,1,1,0,0,0,0,1,0,0,0,0,0,0,0,0,0,0
484,3,2,3,2,0,0,1,0,1,0,0,0,0,0,0,1,0,0,0,0,0,0,0
485,3,2,3,2,0,0,1,0,1,0,0,0,0,0,0,1,0,0,0,0,0,0,0
486,4,2,3,2,0,0,1,0,1,0,0,0,0,0,0,1,0,0,0,0,0,0,0
487,3,3,3,2,0,0,1,0,1,0,0,0,0,0,0,1,0,0,0,0,0,0,0
488,3,2,3,2,0,0,1,0,1,0,0,0,0,0,0,1,0,0,0,0,0,0,0
489,4,3,3,4,1,0,1,0,1,0,0,1,0,0,0,0,0,0,0,0,0,0,0
490,3,2,3,3,1,0,1,0,1,0,0,0,0,0,0,1,0,0,0,0,0,0,0
491,4,1,4,3,1,1,0,1,0,0,0,1,0,0,0,0,0,0,0,0,0,0,0
492,3,3,4,3,1,1,0,1,0,0,0,0,0,0,1,0,0,0,0,0,0,0,0
493,3,4,4,1,1,1,0,1,0,0,0,0,0,1,0,0,0,0,0,0,0,0,0
494,3,3,4,3,0,0,1,1,0,0,0,0,0,0,0,1,0,0,0,0,0,0,0
495,3,3,4,3,0,0,1,1,0,0,0,0,0,0,0,1,0,0,0,0,0,0,0
496,5,1,4,4,1,1,0,1,0,0,0,1,0,0,0,0,0,0,0,0,0,0,0
497,3,4,4,2,1,1,0,1,0,0,0,0,0,0,1,0,0,0,0,0,0,0,0
498,3,3,4,3,1,1,0,1,0,0,0,0,0,0,1,0,0,0,0,0,0,0,0
499,4,1,3,4,1,1,0,1,0,0,0,0,0,0,0,1,0,1,0,1,0,0,1
500,2,3,4,2,1,1,0,1,0,0,0,0,0,1,0,0,0,1,0,1,0,0,0
501,4,2,4,3,1,1,0,1,0,0,0,0,0,0,1,0,0,1,0,1,1,0,1
502,4,1,4,4,0,1,0,0,1,0,0,1,0,0,0,0,0,0,0,0,0,0,0
503,4,1,3,4,1,1,0,1,0,0,0,0,0,0,0,1,0,0,0,0,0,0,0
504,3,1,3,3,1,0,1,1,0,0,0,0,0,0,0,1,0,0,0,0,0,0,0
505,5,1,4,3,1,1,0,1,0,0,0,1,0,0,0,0,0,0,0,0,0,0,0
506,4,1,4,3,1,1,0,1,0,0,0,0,0,0,1,0,0,0,0,0,0,0,0
507,5,1,5,4,1,1,0,1,0,0,0,1,0,0,0,0,0,0,0,0,0,0,0
508,3,3,4,1,1,1,0,1,0,0,0,0,0,0,1,0,0,0,0,0,0,0,0
509,3,4,4,1,1,1,0,1,0,0,0,0,0,0,0,1,0,0,0,0,0,0,0
510,3,1,3,1,1,1,0,1,0,0,0,0,0,0,0,1,0,0,0,0,0,0,0
511,4,1,3,2,1,1,0,1,0,0,0,0,0,0,0,1,0,0,0,0,0,0,0
512,3,2,3,3,1,1,0,1,0,0,0,0,0,0,0,1,0,0,0,0,0,0,0
513,3,2,4,1,0,1,0,1,0,0,0,0,0,0,1,0,0,0,0,0,0,0,0
514,3,1,3,1,1,0,1,1,0,0,0,0,0,0,0,1,0,0,0,0,0,0,0
515,3,3,3,1,1,0,1,1,0,0,0,0,0,0,0,1,0,0,0,0,0,0,0
516,3,3,3,1,1,0,1,1,0,0,0,0,0,0,0,1,0,0,0,0,0,0,0
517,3,3,3,1,0,0,1,1,0,0,0,0,0,0,0,1,0,0,0,0,0,0,0
518,3,4,4,2,0,1,0,1,0,0,0,0,0,0,1,0,0,0,0,0,0,0,0
519,4,2,5,2,1,1,0,1,0,0,0,0,0,0,0,1,0,0,0,0,0,0,0
520,3,3,4,2,1,0,1,1,0,0,0,0,0,0,0,1,0,0,0,0,0,0,0
521,4,1,4,3,1,1,0,1,0,0,0,0,0,0,0,1,0,0,0,0,0,0,0
522,4,3,5,1,1,0,1,1,0,0,0,0,1,0,0,0,0,0,0,0,0,0,0
523,2,4,3,1,0,0,1,1,0,0,0,0,0,1,0,0,0,0,0,0,0,0,0
524,3,2,3,3,1,1,0,0,0,0,1,0,0,0,0,1,0,0,0,0,0,0,0
525,3,1,3,3,1,1,0,0,1,0,0,0,0,0,0,1,0,0,0,0,0,0,0
526,4,1,4,3,1,1,0,0,1,0,0,0,0,0,0,1,0,0,0,0,0,0,0
527,3,3,4,1,1,0,1,1,0,0,0,0,1,0,0,0,0,0,0,0,0,0,0
528,3,3,4,1,1,0,1,1,0,0,0,0,1,0,0,0,0,0,0,0,0,0,0
529,3,3,4,1,1,0,1,1,0,0,0,0,0,0,1,0,0,0,0,0,0,0,0
530,3,5,4,1,1,0,1,1,0,0,0,0,1,0,0,0,0,0,0,0,0,0,0
531,3,4,4,1,1,0,1,1,0,0,0,0,1,0,0,0,0,0,0,0,0,0,0
532,3,2,3,1,1,0,1,1,0,0,0,0,1,0,0,0,0,0,0,0,0,0,0
533,4,5,5,1,1,0,1,1,0,0,0,0,1,0,0,0,0,0,0,0,0,0,0
534,3,4,4,1,1,0,1,1,0,0,0,0,1,0,0,0,0,0,0,0,0,0,0
535,4,4,4,1,1,0,1,1,0,0,0,0,1,0,0,0,0,0,0,0,0,0,0
536,4,1,3,4,1,1,0,1,0,0,0,1,0,0,0,0,0,0,0,0,0,0,0
537,3,3,5,1,1,0,1,0,1,0,0,0,0,1,0,0,0,0,0,0,0,0,0
538,3,3,3,2,1,0,1,0,0,0,1,0,0,0,1,0,0,0,0,0,0,0,0
539,4,3,4,3,1,1,0,0,1,0,0,0,0,0,1,0,0,0,0,0,0,0,0
540,4,2,4,1,1,1,0,1,0,0,0,0,0,0,0,1,0,0,0,0,0,0,0
541,3,3,3,1,1,1,0,1,0,0,0,0,0,0,1,0,0,0,0,0,0,0,0
542,3,3,5,1,1,0,1,1,0,0,0,0,1,0,0,0,0,0,0,0,0,0,0
543,3,2,5,2,1,1,0,1,0,0,0,0,0,0,1,0,0,0,0,0,0,0,0
544,3,4,4,1,1,1,0,1,0,0,0,0,0,1,0,0,0,0,0,0,0,0,0
545,4,2,4,2,1,1,0,0,1,0,0,0,0,0,1,0,0,0,0,0,0,0,0
546,4,1,4,3,1,1,0,1,0,0,0,1,0,0,0,0,0,0,0,0,0,0,0
547,3,1,4,3,0,0,1,1,0,0,0,0,0,0,0,1,0,0,0,0,0,0,0
548,4,4,5,1,1,0,1,1,0,0,0,0,0,0,1,0,0,0,0,0,0,0,0
549,5,1,4,3,1,1,0,1,0,0,0,0,0,0,0,1,0,0,0,0,0,0,0
550,3,3,3,3,1,0,1,1,0,0,0,0,0,1,0,0,0,0,0,0,0,0,0
551,3,3,3,3,1,0,1,1,0,0,0,0,0,1,0,0,0,0,0,0,0,0,0
552,3,4,4,2,1,0,1,1,0,0,0,0,0,1,0,0,0,0,0,0,0,0,0
553,3,2,5,3,0,1,0,1,0,0,0,0,0,0,0,1,0,0,0,0,0,0,0
554,4,4,5,1,1,0,1,1,0,0,0,0,1,0,0,0,0,0,0,0,0,0,0
555,4,2,4,2,1,1,0,1,0,0,0,0,0,0,0,1,0,0,0,0,0,0,0
556,5,1,3,4,1,1,0,1,0,0,0,1,0,0,0,0,0,0,0,0,0,0,0
557,2,4,5,1,1,1,0,1,0,0,0,0,0,1,0,0,0,0,0,0,0,0,0
558,4,2,4,2,0,0,1,1,0,0,0,0,0,0,0,1,0,0,0,0,0,0,0
